"Fecha","APD.Open","APD.High","APD.Low","APD.Close","APD.Volume","APD.Adjusted"
2013-11-01,100.786308288574,101.5263671875,99.5282135009766,99.9074935913086,1232772,78.6670761108398
2013-11-04,100.018501281738,100.740058898926,99.7132263183594,100.61979675293,836154,79.227912902832
2013-11-05,100.314521789551,101.193336486816,99.6669769287109,100.943572998047,695732,79.4828491210938
2013-11-06,101.258094787598,101.850135803223,100.971321105957,101.683624267578,769348,80.0655746459961
2013-11-07,101.55411529541,101.646621704102,99.9259948730469,100.148010253906,1625392,78.8564300537109
2013-11-08,100.138763427734,101.41535949707,100,101.248840332031,962739,79.7232284545898
2013-11-11,101.295097351074,101.646621704102,100.693801879883,100.915817260742,945335,79.4609985351562
2013-11-12,100.925071716309,101.008323669434,99.8242340087891,99.8797378540039,1108349,78.6451873779297
2013-11-13,99.6577224731445,100.286773681641,99.3802032470703,99.9444961547852,1311685,78.6961975097656
2013-11-14,100.240516662598,100.629043579102,99.7132263183594,100.527290344238,1133537,79.1550750732422
2013-11-15,100.851066589355,102.395927429199,100.656799316406,102.303421020508,1134401,80.5536041259766
2013-11-18,102.257171630859,102.617942810059,101.396858215332,101.702125549316,907391,80.0801467895508
2013-11-19,101.702125549316,102.349678039551,101.295097351074,101.840888977051,970846,80.1893920898438
2013-11-20,101.748382568359,102.081405639648,101.063827514648,101.387603759766,931714,79.8324813842773
2013-11-21,101.729881286621,101.905639648438,100.952819824219,101.489364624023,1091486,79.9126129150391
2013-11-22,101.757629394531,103.071228027344,101.063827514648,102.839965820312,1196343,80.9760971069336
2013-11-25,102.839965820312,103.246994018555,101.304351806641,101.498611450195,724702,79.9198989868164
2013-11-26,101.073081970215,101.480110168457,100.573539733887,100.693801879883,1166507,79.2861938476562
2013-11-27,100.878814697266,101.406105041504,100.5087890625,100.943572998047,780914,79.4828491210938
2013-11-29,100.925071716309,101.5263671875,100.444030761719,100.675300598145,305274,79.271614074707
2013-12-02,100.786308288574,100.999076843262,99.4449615478516,99.620719909668,1199586,78.4412536621094
2013-12-03,99.4449615478516,99.4449615478516,98.344123840332,99.1304321289062,1071271,78.0551986694336
2013-12-04,98.982421875,99.7224807739258,98.4736328125,99.3987045288086,784374,78.2664184570312
2013-12-05,98.982421875,99.3061981201172,98.2238693237305,98.5291366577148,728702,77.5817489624023
2013-12-06,99.7317276000977,101.341354370117,99.3987045288086,101.304351806641,823938,79.7669219970703
2013-12-09,101.165588378906,101.304351806641,100.527290344238,100.999076843262,900581,79.5265731811523
2013-12-10,100.360778808594,101.544868469238,100.314521789551,100.925071716309,676166,79.4682998657227
2013-12-11,100.777061462402,100.804809570312,98.7419052124023,98.8251647949219,759727,77.8148193359375
2013-12-12,98.7234039306641,99.6762237548828,98.1776123046875,99.4264602661133,754322,78.2882995605469
2013-12-13,99.5282135009766,100.148010253906,99.3432006835938,99.6484756469727,741674,78.4631042480469
2013-12-16,99.9167404174805,100.5087890625,99.0471801757812,99.2599411010742,930092,78.1571731567383
2013-12-17,99.4449615478516,100.231269836426,98.7881622314453,99.3524475097656,1421947,78.2300033569336
2013-12-18,99.7964859008789,99.8982391357422,97.8168334960938,99.2414398193359,2035307,78.142578125
2013-12-19,99.028678894043,102.728958129883,98.5291366577148,102.608695983887,2425872,80.7939834594727
2013-12-20,102.876968383789,103.848289489746,102.775207519531,102.960220336914,1570693,81.0707550048828
2013-12-23,103.367256164551,104.172065734863,102.830711364746,104.088806152344,748484,81.9594268798828
2013-12-24,104.172065734863,105.032379150391,103.931541442871,104.338577270508,488612,82.1560668945312
2013-12-26,104.468086242676,105.300651550293,104.32007598877,105.14338684082,522231,82.7897720336914
2013-12-27,105.337646484375,105.448661804199,104.486587524414,104.930618286133,515313,82.6222534179688
2013-12-30,104.051803588867,104.82886505127,104.042556762695,104.153564453125,456939,82.5269775390625
2013-12-31,104.09806060791,104.63459777832,103.052726745605,103.404258728027,1274283,81.9332427978516
2014-01-02,103.200736999512,103.561515808105,102.784461975098,103.089729309082,907067,81.6840286254883
2014-01-03,103.552268981934,103.672523498535,102.432929992676,102.886215209961,1143482,81.5227661132812
2014-01-06,103.209991455078,103.607772827148,102.469932556152,103.135986328125,836586,81.7206726074219
2014-01-07,103.792785644531,103.792785644531,101.757629394531,101.859390258789,1396760,80.7091674804688
2014-01-08,102.016647338867,102.14616394043,100.925071716309,101.840888977051,1511562,80.6945037841797
2014-01-09,101.979644775391,102.645698547363,101.073081970215,101.44310760498,1219260,80.3792953491211
2014-01-10,101.840888977051,102.349678039551,101.221092224121,101.41535949707,1252879,80.3573150634766
2014-01-13,101.239593505859,102.257171630859,100.240516662598,100.444030761719,1116781,79.5876922607422
2014-01-14,100.749305725098,102.044403076172,100.064758300781,101.914894104004,869448,80.7531356811523
2014-01-15,101.942642211914,103.737281799316,101.859390258789,102.913970947266,1420002,81.5447769165039
2014-01-16,102.71044921875,103.47826385498,102.664199829102,103.320999145508,1209855,81.8672714233398
2014-01-17,103.47826385498,104.09806060791,102.941719055176,103.61701965332,1479240,82.1018600463867
2014-01-21,103.959297180176,104.468086242676,103.19149017334,103.654022216797,862962,82.1311492919922
2014-01-22,104.264572143555,104.736358642578,103.30249786377,103.885292053223,1155589,82.3143844604492
2014-01-23,103.034225463867,103.561515808105,102.516189575195,102.691955566406,896581,81.3688507080078
2014-01-24,101.794631958008,102.081405639648,98.6586456298828,98.7141571044922,1252014,78.2170257568359
2014-01-27,99.0471801757812,99.3339462280273,97.5670700073242,98.2793731689453,1206504,77.8724746704102
2014-01-28,98.9454193115234,99.8612365722656,97.8260879516602,99.7132263183594,1588421,79.0086135864258
2014-01-29,98.4921340942383,99.5652160644531,97.502311706543,98.0573577880859,1779110,77.6965789794922
2014-01-30,98.5291366577148,98.5568923950195,97.8908386230469,97.9833526611328,980143,77.637939453125
2014-01-31,96.9750213623047,98.1961135864258,96.0314483642578,97.2617950439453,1882994,77.0662155151367
2014-02-03,97.5670700073242,98.1406097412109,95.6521759033203,95.975944519043,1921261,76.0473327636719
2014-02-04,96.4939880371094,97.419059753418,96.0129547119141,96.1887130737305,1311685,76.2159271240234
2014-02-05,95.9296951293945,96.7530059814453,95.0323791503906,96.4477310180664,916039,76.4211807250977
2014-02-06,96.2349700927734,99.2969436645508,95.9851989746094,99.2044372558594,1634148,78.6054840087891
2014-02-07,100.194267272949,101.147087097168,99.620719909668,101.04532623291,1822242,80.0641479492188
2014-02-10,100.832565307617,102.321922302246,100.832565307617,101.581871032715,1728951,80.4892730712891
2014-02-11,102.007400512695,103.718780517578,101.600372314453,103.552268981934,1738032,82.0505218505859
2014-02-12,103.459762573242,103.848289489746,103.293243408203,103.487510681152,2209996,81.9992065429688
2014-02-13,102.488433837891,108.270118713379,102.321922302246,108.168365478516,3282565,85.7081298828125
2014-02-14,108.029602050781,108.741905212402,107.20629119873,108.58464050293,1474916,86.0379791259766
2014-02-18,108.695648193359,109.981498718262,108.667900085449,109.195190429688,1415786,86.5217361450195
2014-02-19,109.343200683594,109.722480773926,108.279373168945,108.307121276855,1520427,85.8180770874023
2014-02-20,108.704902648926,109.204437255859,107.446807861328,108.889915466309,1468214,86.2798538208008
2014-02-21,109.500465393066,110.296020507812,109.09342956543,109.407958984375,1429406,86.6903305053711
2014-02-24,109.139686584473,110.138763427734,109.139686584473,109.833488464355,1681604,87.0274963378906
2014-02-25,109.555969238281,111.008323669434,109.435707092285,110.703056335449,1639985,87.7164993286133
2014-02-26,110.573539733887,111.341354370117,108.58464050293,108.667900085449,3178248,86.1039276123047
2014-02-27,109.898239135742,110.666053771973,109.435707092285,110.39778137207,1553938,87.4746170043945
2014-02-28,110.545791625977,113.08048248291,110.527290344238,112.229415893555,1757382,88.9259414672852
2014-03-03,111.55411529541,112.007400512695,110.684547424316,111.489364624023,921120,88.3395385742188
2014-03-04,112.858467102051,113.922294616699,112.543937683105,113.330253601074,1236340,89.798210144043
2014-03-05,113.330253601074,113.330253601074,112.349678039551,112.469932556152,782536,89.1165084838867
2014-03-06,112.469932556152,114.338577270508,112.405181884766,113.274749755859,1171696,89.7542190551758
2014-03-07,113.903793334961,114.024055480957,112.275672912598,112.553192138672,1005114,89.182502746582
2014-03-10,112.488433837891,112.673454284668,111.008323669434,112.025901794434,1386923,88.7646942138672
2014-03-11,112.358924865723,113.061981201172,111.44310760498,111.507865905762,1661281,88.3542175292969
2014-03-12,110.952819824219,111.221092224121,110.490287780762,110.777061462402,1558153,87.7751541137695
2014-03-13,111.091583251953,111.868637084961,109.962997436523,110.370025634766,1062515,87.4526062011719
2014-03-14,110.453285217285,111.12858581543,110.240516662598,110.795562744141,1113322,87.7898101806641
2014-03-17,111.15633392334,112.229415893555,110.925071716309,111.794631958008,1009330,88.5814437866211
2014-03-18,112.28491973877,112.719703674316,111.498611450195,112.701202392578,1279364,89.2997512817383
2014-03-19,112.488433837891,113.274749755859,111.498611450195,111.970397949219,1651768,88.7206954956055
2014-03-20,111.600372314453,113.098983764648,111.600372314453,113.052726745605,1116457,89.5782928466797
2014-03-21,114.597595214844,115.078628540039,112.839965820312,112.997222900391,2150001,89.5343170166016
2014-03-24,113.024978637695,113.996299743652,110.971321105957,111.184089660645,1551559,88.0976486206055
2014-03-25,112.016647338867,112.340423583984,111.008323669434,111.887138366699,1049002,88.6547546386719
2014-03-26,112.451431274414,112.57169342041,110.444030761719,110.471786499023,767726,87.5332565307617
2014-03-27,110.333023071289,110.416282653809,109.158187866211,109.565216064453,1043273,86.8149337768555
2014-03-28,109.518966674805,109.620719909668,108.492134094238,108.510635375977,1730249,86.5419387817383
2014-03-31,109.611473083496,110.305274963379,108.677154541016,110.120262145996,1995202,87.8257064819336
2014-04-01,110.018501281738,111.017578125,110.018501281738,111.008323669434,845342,88.5339660644531
2014-04-02,111.369102478027,112.68270111084,110.721557617188,112.636451721191,1147373,89.8324737548828
2014-04-03,113.089729309082,113.709526062012,111.692878723145,112.072158813477,1087486,89.3824310302734
2014-04-04,112.645698547363,113.061981201172,110.120262145996,110.175765991211,1173317,87.8699569702148
2014-04-07,110.296020507812,110.296020507812,107.835334777832,108.029602050781,1142293,86.1582870483398
2014-04-08,108.04810333252,108.889915466309,107.844589233398,108.344123840332,1162616,86.4091491699219
2014-04-09,108.658645629883,110,108.436630249023,109.57447052002,1495347,87.3904266357422
2014-04-10,109.620719909668,110.610542297363,107.132286071777,107.169288635254,2290315,85.4721755981445
2014-04-11,106.845512390137,107.955596923828,106.466232299805,106.512489318848,1818458,84.9483795166016
2014-04-14,107.187789916992,107.446807861328,105.938941955566,106.558738708496,1106187,84.9852142333984
2014-04-15,106.725250244141,107.641075134277,105.716926574707,107.594818115234,952361,85.8115386962891
2014-04-16,108.381126403809,109.814987182617,108.094360351562,109.787231445312,1834457,87.5600967407227
2014-04-17,109.565216064453,110.055503845215,109.06568145752,109.102684020996,1313631,87.0141448974609
2014-04-21,108.84366607666,109.814987182617,108.482887268066,108.741905212402,1395247,86.7264251708984
2014-04-22,108.862167358398,110.915817260742,108.482887268066,110.240516662598,1572531,87.9215927124023
2014-04-23,110.675300598145,111.12858581543,108.529136657715,109.592971801758,1245636,87.405143737793
2014-04-24,110.11100769043,110.11100769043,109.09342956543,109.57447052002,798319,87.3904266357422
2014-04-25,109.518966674805,109.518966674805,107.705825805664,108.344123840332,795508,86.4091491699219
2014-04-28,108.029602050781,108.778907775879,106.965774536133,108.251617431641,1409840,86.3353729248047
2014-04-29,108.815910339355,109.176689147949,108.149864196777,108.353378295898,870529,86.4165267944336
2014-04-30,107.974098205566,108.899169921875,107.798332214355,108.714157104492,710649,86.7042617797852
2014-05-01,108.760406494141,109.60221862793,108.001846313477,108.621650695801,959171,86.630500793457
2014-05-02,108.612396240234,109.592971801758,108.066604614258,109.361701965332,905986,87.2207260131836
2014-05-05,108.973175048828,110.656799316406,108.575393676758,110.407028198242,807831,88.0544128417969
2014-05-06,110.074005126953,111.359855651855,109.528213500977,109.88899230957,1197532,87.641242980957
2014-05-07,110.323776245117,110.999076843262,109.047180175781,110.93431854248,775509,88.4749374389648
2014-05-08,110.767807006836,111.794631958008,109.814987182617,110.120262145996,601468,87.8257064819336
2014-05-09,110.138763427734,110.42552947998,109.38020324707,109.824234008789,572281,87.5895843505859
2014-05-12,110.462532043457,111.544868469238,110.055503845215,110.897315979004,1060245,88.4454345703125
2014-05-13,111.008323669434,111.285842895508,110.249771118164,110.360778808594,565363,88.0175170898438
2014-05-14,110.296020507812,111.239593505859,109.898239135742,110.730804443359,569147,88.3126525878906
2014-05-15,110.407028198242,110.407028198242,107.918594360352,108.214614868164,1088135,86.3058776855469
2014-05-16,108.307121276855,109.657722473145,107.927841186523,109.620719909668,1104242,87.4272918701172
2014-05-19,109.611473083496,110.471786499023,109.084182739258,109.370956420898,590658,87.2280883789062
2014-05-20,108.991676330566,109.398704528809,107.576316833496,108.001846313477,790319,86.1361694335938
2014-05-21,108.390380859375,109.851989746094,107.872337341309,109.629974365234,833127,87.4346694946289
2014-05-22,109.472709655762,110.08325958252,109.047180175781,109.333946228027,426563,87.1985778808594
2014-05-23,109.324699401855,109.944496154785,108.825164794922,109.842735290527,635520,87.6043472290039
2014-05-27,110.296020507812,110.749305725098,109.731727600098,109.88899230957,495422,87.641242980957
2014-05-28,109.898239135742,110.212768554688,109.389457702637,109.444961547852,401375,87.2871322631836
2014-05-29,110.286773681641,111.304351806641,109.102684020996,111.211837768555,576497,88.6962738037109
2014-05-30,110.869567871094,111.091583251953,110.240516662598,110.980575561523,536284,88.511848449707
2014-06-02,111.008323669434,112.913970947266,110.767807006836,112.701202392578,928147,89.8841094970703
2014-06-03,112.423683166504,112.71044921875,111.794631958008,112.432929992676,715082,89.6701507568359
2014-06-04,112.14616394043,112.608695983887,111.369102478027,111.424606323242,896257,88.8659591674805
2014-06-05,112.118408203125,113.792785644531,110.601295471191,113.654022216797,1083703,90.6440277099609
2014-06-06,113.755783081055,114.32007598877,113.413505554199,114.292320251465,609035,91.1530990600586
2014-06-09,114.153564453125,114.162811279297,113.320999145508,113.737281799316,771942,90.7104263305664
2014-06-10,113.450508117676,114.09806060791,112.68270111084,114.079559326172,1333089,90.9834289550781
2014-06-11,113.413505554199,113.737281799316,112.71044921875,112.849212646484,652275,90.0021667480469
2014-06-12,112.784461975098,112.784461975098,110.379280090332,110.582794189453,1075595,88.1945495605469
2014-06-13,110.629043579102,112.377426147461,110.453285217285,112.053657531738,757024,89.3676681518555
2014-06-16,111.998153686523,111.998153686523,110.647552490234,111.489364624023,884258,88.9176025390625
2014-06-17,111.174835205078,112.516189575195,110.823310852051,112.488433837891,869232,89.7144165039062
2014-06-18,119.056427001953,121.628120422363,118.936172485352,120.925071716309,9937849,96.4430084228516
2014-06-19,120.527290344238,121.137832641602,119.694725036621,119.981498718262,2269343,95.6904678344727
2014-06-20,120.490287780762,121.026824951172,120,120.952819824219,2659368,96.4651260375977
2014-06-23,120.795562744141,120.832565307617,119.935241699219,120.379280090332,814858,96.0077133178711
2014-06-24,120.305274963379,120.407028198242,119.278442382812,119.537467956543,1487564,95.3363189697266
2014-06-25,119.528213500977,120.444030761719,118.529136657715,119.833488464355,1024248,95.5724182128906
2014-06-26,120,120.203514099121,118.427383422852,119.176689147949,995169,95.0486068725586
2014-06-27,117.363548278809,119.010177612305,117.132286071777,118.973175048828,1637499,95.4568176269531
2014-06-30,118.788162231445,119.657722473145,117.798332214355,118.982421875,1519346,95.4642333984375
2014-07-01,118.686401367188,119.777984619141,117.724327087402,119.57447052002,1688306,95.9392547607422
2014-07-02,119.944496154785,119.944496154785,118.825164794922,118.991676330566,897122,95.4716491699219
2014-07-03,119.703979492188,119.824234008789,119.333946228027,119.722480773926,561471,96.0579986572266
2014-07-07,119.111930847168,119.518966674805,118.723403930664,119.250694274902,764699,95.6794967651367
2014-07-08,118.55689239502,119.546714782715,118.353378295898,118.945419311523,910202,95.4345550537109
2014-07-09,119.676223754883,119.777984619141,118.862167358398,119.592971801758,904581,95.9541091918945
2014-07-10,118.408882141113,119.426460266113,118.112861633301,119.047180175781,764051,95.5161743164062
2014-07-11,118.87141418457,119.750228881836,118.714157104492,119.722480773926,682760,96.0579986572266
2014-07-14,120.240516662598,120.240516662598,119.509712219238,119.898239135742,999385,96.1990432739258
2014-07-15,120.240516662598,120.952819824219,119.583717346191,119.88899230957,1550370,96.1916198730469
2014-07-16,120.249771118164,120.610542297363,119.565216064453,120.074005126953,894528,96.3400726318359
2014-07-17,119.685478210449,120.120262145996,118.880668640137,119.09342956543,1040354,95.5533065795898
2014-07-18,119.518966674805,120.407028198242,118.741905212402,120.240516662598,1257311,96.4736480712891
2014-07-21,119.639221191406,120.407028198242,119.38020324707,120.314521789551,998844,96.5330276489258
2014-07-22,120.296020507812,120.777061462402,120,120.564292907715,1068136,96.7334136962891
2014-07-23,120.444030761719,126.096206665039,120.305274963379,125.892692565918,4648084,101.008628845215
2014-07-24,125.14338684082,126.207214355469,124.662353515625,125.032379150391,1802676,100.318359375
2014-07-25,124.63459777832,125.809432983398,124.588340759277,125.689178466797,1319577,100.845329284668
2014-07-28,125.578170776367,126.114707946777,124.71785736084,126.105461120605,1408435,101.179313659668
2014-07-29,126.27197265625,126.549491882324,125.67992401123,125.67992401123,1575558,100.837905883789
2014-07-30,125.966697692871,126.651252746582,124.588340759277,125.198890686035,1060569,100.451950073242
2014-07-31,124.153564453125,124.902870178223,122.053657531738,122.06290435791,1590259,97.9358215332031
2014-08-01,121.609619140625,123.58927154541,121.387603759766,123.145233154297,1800946,98.8042373657227
2014-08-04,124.12580871582,125.374656677246,123.098983764648,125.180389404297,934957,100.43709564209
2014-08-05,125.069381713867,125.069381713867,122.201667785645,122.719703674316,3120198,98.4627838134766
2014-08-06,122.451431274414,123.172988891602,121.979644775391,122.405181884766,1589935,98.2104415893555
2014-08-07,122.978721618652,122.978721618652,120.888069152832,121.332099914551,1129969,97.3494644165039
2014-08-08,121.628120422363,122.812210083008,121.147087097168,122.728958129883,1013654,98.4702453613281
2014-08-11,123.311744689941,123.533767700195,122.016647338867,122.136909484863,961117,97.9952163696289
2014-08-12,122.247917175293,122.423683166504,121.248840332031,122.099906921387,631088,97.9655075073242
2014-08-13,122.765960693359,122.839965820312,122.17391204834,122.516189575195,1233313,98.2995071411133
2014-08-14,122.673454284668,123.135986328125,122.28491973877,122.617942810059,586983,98.3811416625977
2014-08-15,122.886215209961,123.792785644531,121.702125549316,122.830711364746,908905,98.5518569946289
2014-08-18,123.395004272461,124.246070861816,123.395004272461,124.088806152344,1069650,99.561279296875
2014-08-19,124.162811279297,124.699348449707,123.561515808105,124.310821533203,1450486,99.7394104003906
2014-08-20,124.255317687988,124.329322814941,123.339500427246,123.783531188965,811182,99.3163452148438
2014-08-21,123.857536315918,123.977798461914,122.96947479248,123.154487609863,1229205,98.8116302490234
2014-08-22,123.182235717773,123.311744689941,122.562438964844,122.802963256836,842748,98.5296020507812
2014-08-25,123.339500427246,123.81128692627,122.719703674316,123.200736999512,758862,98.8487548828125
2014-08-26,123.792785644531,123.792785644531,123.052726745605,123.404258728027,749890,99.0120391845703
2014-08-27,123.061981201172,123.765029907227,122.469932556152,123.034225463867,1188343,98.7151412963867
2014-08-28,122.57169342041,123.866790771484,122.007400512695,123.348747253418,1988716,98.9674987792969
2014-08-29,123.681777954102,123.83903503418,122.691955566406,123.228492736816,1037976,98.8710327148438
2014-09-02,123.19149017334,123.506011962891,121.840888977051,122.377426147461,1355790,98.1881942749023
2014-09-03,122.368179321289,123.441261291504,122.368179321289,122.923217773438,1103701,98.6261138916016
2014-09-04,122.932472229004,123.404258728027,122.28491973877,122.506935119629,840694,98.2920837402344
2014-09-05,122.303421020508,122.645698547363,121.66512298584,122.608695983887,914850,98.3737487792969
2014-09-08,122.386680603027,123.395004272461,121.794631958008,122.099906921387,1006735,97.9655075073242
2014-09-09,122.14616394043,122.14616394043,119.814987182617,120.360778808594,1364114,96.5701370239258
2014-09-10,120.194267272949,121.859390258789,119.481964111328,121.748382568359,4122069,97.6834564208984
2014-09-11,120.693801879883,120.730804443359,118.436630249023,118.806663513184,3394448,95.3232116699219
2014-09-12,118.769660949707,119.38020324707,117.909339904785,118.612396240234,2206970,95.167350769043
2014-09-15,118.251617431641,119.389457702637,117.31729888916,119.287696838379,2624776,95.7091293334961
2014-09-16,119.084182739258,122.368179321289,118.73265838623,121.628120422363,3674319,97.5869979858398
2014-09-17,122.099906921387,123.052726745605,120.462532043457,121.110084533691,2487705,97.1713409423828
2014-09-18,121.850135803223,127.150787353516,121.239593505859,123.071228027344,5134101,98.7448425292969
2014-09-19,123.672523498535,125.772430419922,123.376502990723,124.421829223633,7178272,99.8284759521484
2014-09-22,124.421829223633,124.60684967041,123.737281799316,124.144309997559,2073899,99.6058044433594
2014-09-23,124.144309997559,124.34782409668,123.358001708984,123.413505554199,2203727,99.0194702148438
2014-09-24,123.774284362793,125.809432983398,123.320999145508,125.513412475586,1919964,100.704299926758
2014-09-25,124.74560546875,124.995376586914,122.839965820312,123.052726745605,1952178,98.7300033569336
2014-09-26,123.034225463867,125.14338684082,123.034225463867,124.671600341797,1395031,100.028877258301
2014-09-29,123.024978637695,123.83903503418,122.876968383789,123.154487609863,1232664,99.3794326782227
2014-09-30,123.135986328125,123.311744689941,120.42552947998,120.42552947998,1947422,97.1772918701172
2014-10-01,119.740982055664,119.990745544434,116.743759155273,117.002777099609,3268728,94.4153289794922
2014-10-02,116.873268127441,118.612396240234,115.161888122559,117.872337341309,2629208,95.1170196533203
2014-10-03,119.398704528809,119.796485900879,118.112861633301,118.926918029785,1470052,95.968017578125
2014-10-06,119.296943664551,119.306198120117,118.353378295898,119.028678894043,1446810,96.0501327514648
2014-10-07,118.270118713379,118.381126403809,116.244216918945,116.419982910156,2271397,93.9450454711914
2014-10-08,116.373725891113,117.40055847168,114.190567016602,117.20629119873,2490084,94.5795516967773
2014-10-09,117.021278381348,117.132286071777,113.006477355957,114.070304870605,2865082,92.0489883422852
2014-10-10,113.358001708984,114.643844604492,112.340423583984,113.746528625488,2840868,91.7877197265625
2014-10-13,113.469009399414,114.09806060791,109.88899230957,110.11100769043,2521973,88.8540191650391
2014-10-14,110.638298034668,113.506011962891,109.343200683594,111.942642211914,3184302,90.3320770263672
2014-10-15,110.305274963379,117.354301452637,109.38020324707,116.80850982666,3938083,94.2585601806641
2014-10-16,115.846435546875,119.528213500977,115.226638793945,118.140609741211,3267647,95.3335037231445
2014-10-17,119.148933410645,120.009254455566,118.33487701416,119.343200683594,2205456,96.3039169311523
2014-10-20,119.269195556641,120.231269836426,118.751159667969,120.231269836426,1428866,97.0205535888672
2014-10-21,120.074005126953,121.831634521484,119.814987182617,120.952819824219,2381984,97.6028060913086
2014-10-22,121.544868469238,122.534690856934,119.777984619141,119.88899230957,1581395,96.7443618774414
2014-10-23,121.147087097168,121.26734161377,119.398704528809,119.814987182617,1699548,96.6846237182617
2014-10-24,119.796485900879,122.099906921387,119.232192993164,121.646621704102,1414597,98.1626739501953
2014-10-27,120.656799316406,120.656799316406,118.251617431641,118.917671203613,2190322,95.9605484008789
2014-10-28,119.444961547852,120.499534606934,119.000923156738,120,1663659,96.8339309692383
2014-10-29,120.009254455566,120.027755737305,117.326545715332,119.195190429688,4039048,96.1844863891602
2014-10-30,121.184089660645,125.883438110352,121.184089660645,123.570770263672,3396394,99.7153472900391
2014-10-31,124.32007598877,125.272895812988,123.172988891602,124.569839477539,3084742,100.521545410156
2014-11-03,124.523590087891,126.022201538086,123.330253601074,125.245140075684,1837268,101.066505432129
2014-11-04,124.884368896484,125.041625976562,123.098983764648,123.654022216797,2091951,99.7825469970703
2014-11-05,124.884368896484,124.967620849609,123.561515808105,123.931541442871,1599664,100.006477355957
2014-11-06,124.264572143555,125.032379150391,123.441261291504,124.893615722656,1277202,100.782844543457
2014-11-07,125.226638793945,125.568916320801,124.329322814941,124.82886505127,1050300,100.730567932129
2014-11-10,124.884368896484,125.013877868652,124.199813842773,124.791862487793,733891,100.700729370117
2014-11-11,124.819610595703,125.208137512207,124.412582397461,124.810363769531,867503,100.715675354004
2014-11-12,124.884368896484,125.208137512207,124.421829223633,124.690101623535,1524751,100.618621826172
2014-11-13,124.865867614746,125.689178466797,124.542091369629,125.374656677246,887501,101.171035766602
2014-11-14,125.097129821777,125.994453430176,124.375579833984,124.616096496582,787617,100.558891296387
2014-11-17,124.74560546875,125.707679748535,124.421829223633,125.633674621582,1525291,101.380027770996
2014-11-18,125.809432983398,128.806655883789,125.615173339844,128.492141723633,1339035,103.68669128418
2014-11-19,129.417205810547,131.813140869141,129.352447509766,131.489364624023,1997580,106.105255126953
2014-11-20,130.666046142578,132.09065246582,130.416275024414,131.988891601562,1214504,106.508346557617
2014-11-21,133.126739501953,134.495834350586,132.867721557617,134.273818969727,1831755,108.352203369141
2014-11-24,134.273818969727,134.708602905273,133.45051574707,133.903793334961,1139806,108.053588867188
2014-11-25,134.005554199219,135.485656738281,134.005554199219,134.458831787109,1889912,108.501502990723
2014-11-26,134.024047851562,134.403335571289,133.089736938477,134.329330444336,1000033,108.397003173828
2014-11-28,133.977798461914,134.135055541992,132.664199829102,133.052734375,595739,107.366806030273
2014-12-01,132.867721557617,133.72802734375,132.257171630859,133.293243408203,1033112,107.560920715332
2014-12-02,133.080474853516,133.626266479492,132.59944152832,133.034225463867,1072568,107.351890563965
2014-12-03,132.886215209961,134.782608032227,132.673446655273,134.486587524414,1019059,108.523864746094
2014-12-04,134.12580871582,135.346908569336,133.422760009766,134.875122070312,892906,108.837387084961
2014-12-05,134.995376586914,136.475479125977,134.893615722656,135.735427856445,851612,109.531623840332
2014-12-08,135.615173339844,135.698425292969,134.23681640625,134.680847167969,1020680,108.680633544922
2014-12-09,133.811279296875,134.172058105469,132.636444091797,133.922286987305,993871,108.06852722168
2014-12-10,133.533767700195,133.968551635742,130.888061523438,131.369110107422,1276337,106.00821685791
2014-12-11,132.220169067383,133.700271606445,131.480117797852,132.534683227539,1254392,106.948776245117
2014-12-12,131.248840332031,131.942642211914,127.631820678711,127.71508026123,1942665,103.059608459473
2014-12-15,128.510635375977,128.695648193359,125.263641357422,127.03052520752,2156919,102.507202148438
2014-12-16,126.290473937988,129.389450073242,126.16096496582,126.567993164062,1336981,102.133979797363
2014-12-17,127.234039306641,130.758560180664,126.864013671875,130.39778137207,1695873,105.224403381348
2014-12-18,131.942642211914,133.848281860352,131.729873657227,133.626266479492,2438520,107.829650878906
2014-12-19,134.12580871582,137.594818115234,133.626266479492,136.022201538086,2471274,109.763031005859
2014-12-22,135.985198974609,136.78076171875,135.541168212891,136.753005981445,1072460,110.352767944336
2014-12-23,137.224792480469,138.094360351562,137.039779663086,137.446807861328,720270,110.912628173828
2014-12-24,137.446807861328,137.90934753418,136.956527709961,137.446807861328,294356,110.912628173828
2014-12-26,137.576324462891,138.399627685547,136.947265625,137.946350097656,349379,111.315711975098
2014-12-29,137.576324462891,138.112854003906,136.688247680664,137.224792480469,575741,110.733467102051
2014-12-30,135.920440673828,136.845520019531,135.226638793945,135.467163085938,702218,109.88557434082
2014-12-31,134.764114379883,135.846435546875,133.320999145508,133.422760009766,1121321,108.227188110352
2015-01-02,132.645690917969,134.912124633789,132.173919677734,134.532836914062,1453513,109.127655029297
2015-01-05,133.543014526367,133.543014526367,129.250686645508,130.231262207031,1905371,105.638404846191
2015-01-06,130.888061523438,132.053649902344,129.241439819336,130.185012817383,1280120,105.600868225098
2015-01-07,131.202590942383,131.961151123047,130.185012817383,131.591125488281,731945,106.741455078125
2015-01-08,132.192413330078,134.967620849609,132.192413330078,134.63459777832,1077865,109.210189819336
2015-01-09,134.949127197266,134.949127197266,132.469940185547,132.617950439453,803399,107.574401855469
2015-01-12,132.516189575195,132.59944152832,130.925064086914,131.702133178711,573362,106.831504821777
2015-01-13,132.534683227539,133.478256225586,129.60221862793,131.008331298828,744917,106.268714904785
2015-01-14,129.037933349609,129.713226318359,127.308044433594,129.444961547852,1106728,105.00057220459
2015-01-15,130.749313354492,131.406097412109,128.677154541016,129.010177612305,992034,104.647888183594
2015-01-16,129.047180175781,129.879745483398,126.799263000488,129.241439819336,1582584,104.835464477539
2015-01-20,130.407028198242,131.100830078125,128.566146850586,130.786315917969,1045868,106.088623046875
2015-01-21,130.740051269531,132.895462036133,130.092514038086,132.377426147461,807615,107.379257202148
2015-01-22,133.015731811523,133.635528564453,131.017578125,133.506011962891,954955,108.294731140137
2015-01-23,133.209991455078,133.283996582031,131.554122924805,132.71044921875,916580,107.6494140625
2015-01-26,132.340423583984,132.793716430664,131.063827514648,132.358932495117,1316766,107.364273071289
2015-01-27,130.952819824219,132.442184448242,129.962997436523,131.221084594727,1340981,106.441276550293
2015-01-28,131.591125488281,132.192413330078,128.020355224609,128.427383422852,2004282,104.175163269043
2015-01-29,132.284927368164,136.956527709961,132.284927368164,135.975952148438,3730747,110.298248291016
2015-01-30,134.736358642578,137.835342407227,134.135055541992,134.699356079102,2864974,109.262718200684
2015-02-02,133.552261352539,137.05827331543,131.248840332031,136.614242553711,1470268,110.81600189209
2015-02-03,137.363555908203,137.974090576172,135.578170776367,137.28955078125,1420326,111.36376953125
2015-02-04,136.965774536133,138.297866821289,136.197967529297,137.298797607422,1068244,111.371307373047
2015-02-05,138.094360351562,140.212768554688,137.789077758789,140.166519165039,1305524,113.697448730469
2015-02-06,139.935241699219,140.407028198242,138.547637939453,139.056427001953,809237,112.796989440918
2015-02-09,138.945419311523,139.777984619141,138.149856567383,138.547637939453,934525,112.384323120117
2015-02-10,138.778915405273,139.555969238281,137.511566162109,139.028671264648,989656,112.774528503418
2015-02-11,138.658645629883,139.259948730469,137.594818115234,138.769653320312,817236,112.56436920166
2015-02-12,139.666976928711,141.137832641602,138.87141418457,140.814056396484,1556856,114.222724914551
2015-02-13,140.666046142578,142.072158813477,140.416275024414,141.359848022461,786860,114.66544342041
2015-02-17,141.091583251953,142.636444091797,140.795562744141,141.961151123047,894311,115.153213500977
2015-02-18,141.961151123047,142.488433837891,141.165588378906,142.340423583984,773564,115.460861206055
2015-02-19,142.923217773438,145.337646484375,142.506942749023,144.384826660156,1037760,117.119232177734
2015-02-20,144.135055541992,145.911193847656,143.024978637695,145.846435546875,971170,118.304794311523
2015-02-23,145.069381713867,145.568923950195,144.162811279297,144.403335571289,897230,117.134223937988
2015-02-24,144.717849731445,145.735427856445,144.264572143555,145.217391967773,801129,117.794570922852
2015-02-25,145.217391967773,145.827941894531,145.060134887695,145.282150268555,487315,117.847099304199
2015-02-26,144.995376586914,145.494918823242,144.172058105469,144.893615722656,555850,117.531913757324
2015-02-27,145.032379150391,145.115631103516,144.264572143555,144.440338134766,701245,117.164237976074
2015-03-02,144.440338134766,146.345977783203,144.310821533203,146.281219482422,954523,118.657485961914
2015-03-03,146.012954711914,146.345977783203,144.18132019043,144.366333007812,741674,117.104217529297
2015-03-04,144.218322753906,144.958374023438,142.858459472656,143.145233154297,1212774,116.113693237305
2015-03-05,143.200744628906,143.441253662109,142.645690917969,143.256240844727,660707,116.203704833984
2015-03-06,142.229415893555,142.65495300293,140.897323608398,141.174835205078,1074406,114.51538848877
2015-03-09,141.785385131836,142.691955566406,141.507858276367,142.358932495117,639303,115.475860595703
2015-03-10,141.036071777344,141.304351806641,139.944488525391,140.703048706055,1045003,114.132637023926
2015-03-11,141.211837768555,141.341354370117,139.953750610352,139.962997436523,863611,113.53239440918
2015-03-12,140.721557617188,141.970397949219,140.610549926758,141.80387878418,790752,115.025650024414
2015-03-13,141.248840332031,141.665130615234,139.796478271484,140.610549926758,733350,114.057632446289
2015-03-16,141.443115234375,141.942642211914,140.56428527832,141.193344116211,706542,114.53035736084
2015-03-17,140.897323608398,141.757629394531,140.037002563477,141.202590942383,854855,114.537902832031
2015-03-18,140.388534545898,144.116561889648,139.084182739258,143.089736938477,1284552,116.068702697754
2015-03-19,142.247924804688,142.488433837891,140.222015380859,140.832565307617,842207,114.237747192383
2015-03-20,140.56428527832,142.136917114258,139.639221191406,141.267349243164,2017687,114.590423583984
2015-03-23,141.267349243164,141.720626831055,140.5087890625,140.5087890625,879394,113.975105285645
2015-03-24,140.610549926758,141.350601196289,140.277526855469,140.777053833008,683516,114.192733764648
2015-03-25,140.897323608398,142.109161376953,139.343200683594,139.370956420898,898203,113.05216217041
2015-03-26,138.686401367188,140.573547363281,137.752075195312,139.833480834961,911391,113.427345275879
2015-03-27,139.953750610352,141.69287109375,139.09342956543,141.304351806641,1147806,114.620414733887
2015-03-30,142.469940185547,142.969467163086,141.544860839844,142.275665283203,1728411,116.023574829102
2015-03-31,141.748382568359,142.562438964844,139.833480834961,139.944488525391,1750896,114.122543334961
2015-04-01,139.583724975586,140.444030761719,138.149856567383,138.843658447266,1523561,113.224838256836
2015-04-02,138.603149414062,140.351531982422,138.390380859375,139.722473144531,635520,113.941497802734
2015-04-06,139.750228881836,141.100830078125,139.333953857422,140.693801879883,945335,114.733612060547
2015-04-07,140.342269897461,141.942642211914,139.796478271484,139.851989746094,716163,114.047103881836
2015-04-08,140.083251953125,140.823318481445,138.963928222656,139.657730102539,692813,113.888702392578
2015-04-09,139.657730102539,140.795562744141,139.241439819336,140.656799316406,585145,114.703407287598
2015-04-10,140.832565307617,141.082336425781,139.676223754883,140.536544799805,551202,114.605377197266
2015-04-13,140.203521728516,141.07307434082,139.259948730469,139.296951293945,881664,113.59447479248
2015-04-14,139.703979492188,140.980575561523,139.232192993164,140.462539672852,1032679,114.544967651367
2015-04-15,140.943572998047,142.395935058594,140.573547363281,140.934326171875,874637,114.929740905762
2015-04-16,140.610549926758,140.610549926758,139.454208374023,140.231262207031,671842,114.356391906738
2015-04-17,139.454208374023,140.046249389648,137.493057250977,138.621643066406,1061866,113.04377746582
2015-04-20,139.222946166992,140.231262207031,138.630889892578,140.027755737305,715622,114.1904296875
2015-04-21,140.610549926758,140.971328735352,139.750228881836,140.545791625977,730648,114.612899780273
2015-04-22,140.434783935547,140.721557617188,139.09342956543,140.120254516602,582443,114.265892028809
2015-04-23,139.88899230957,140.138763427734,138.788162231445,139.315444946289,668815,113.609573364258
2015-04-24,139.370956420898,139.759475708008,138.177612304688,138.81591796875,1158616,113.202194213867
2015-04-27,138.714157104492,140.777053833008,137.548568725586,139.740982055664,2177891,113.956588745117
2015-04-28,139.546722412109,142.072158813477,138.58464050293,141.498611450195,2680880,115.38990020752
2015-04-29,140.444030761719,141.5263671875,140.027755737305,140.490280151367,1503671,114.567626953125
2015-04-30,141.859390258789,141.859390258789,131.609619140625,132.682693481445,5185017,108.200660705566
2015-05-01,132.978729248047,136.817764282227,132.756713867188,135.615173339844,2106977,110.592041015625
2015-05-04,136.845520019531,137.90934753418,136.086959838867,136.521743774414,1213098,111.331336975098
2015-05-05,137.086029052734,137.826080322266,134.098052978516,134.514343261719,1100890,109.694320678711
2015-05-06,135.420913696289,136.105453491211,133.866790771484,134.643844604492,789779,109.799934387207
2015-05-07,134.394073486328,135.587417602539,133.570770263672,135.235885620117,854531,110.282745361328
2015-05-08,136.790008544922,137.85383605957,136.530990600586,136.882522583008,995169,111.625549316406
2015-05-11,136.345977783203,137.169281005859,135.023132324219,135.069381713867,981872,110.146965026855
2015-05-12,134.088806152344,134.810363769531,133.348754882812,133.654022216797,824371,108.992790222168
2015-05-13,133.820541381836,135.106384277344,132.867721557617,134.088806152344,2067953,109.347328186035
2015-05-14,135.060134887695,136.660507202148,133.977798461914,136.558746337891,1076784,111.361526489258
2015-05-15,136.864013671875,137.79833984375,136.151718139648,137.354309082031,981548,112.010269165039
2015-05-18,137.28955078125,137.4560546875,136.308975219727,136.845520019531,569687,111.595397949219
2015-05-19,136.89176940918,138.177612304688,136.123962402344,136.456985473633,822209,111.278533935547
2015-05-20,136.651245117188,136.919525146484,135.809432983398,136.096206665039,692597,110.984306335449
2015-05-21,135.716934204102,137.28955078125,135.605926513672,136.901016235352,657897,111.640640258789
2015-05-22,136.466232299805,136.975021362305,135.402404785156,135.772430419922,810101,110.720283508301
2015-05-26,135.087875366211,135.448654174805,134.412582397461,135.097137451172,723838,110.169593811035
2015-05-27,135.060134887695,136.956527709961,134.643844604492,136.484741210938,666761,111.301147460938
2015-05-28,135.957443237305,137.197036743164,135.846435546875,137.095275878906,562336,111.79906463623
2015-05-29,136.771514892578,137.28955078125,135.439407348633,135.76318359375,1153211,110.712745666504
2015-06-01,136.586486816406,137.002777099609,135.328399658203,136.401473999023,713892,111.233261108398
2015-06-02,136.114715576172,137.604064941406,135.30989074707,137.049026489258,1083162,111.761329650879
2015-06-03,137.039779663086,137.918594360352,136.919525146484,137.224792480469,1291146,111.904647827148
2015-06-04,134.199813842773,136.179458618164,133.829788208008,134.995376586914,1521291,110.08659362793
2015-06-05,134.458831787109,135.032379150391,133.755783081055,134.671600341797,915499,109.82258605957
2015-06-08,134.560592651367,134.847366333008,133.691024780273,133.709533691406,613792,109.038032531738
2015-06-09,134.246063232422,134.671600341797,132.895462036133,133.607772827148,1000790,108.955047607422
2015-06-10,134.569839477539,135.383911132812,134.079559326172,135.004623413086,712271,110.09415435791
2015-06-11,135.198883056641,136.4384765625,135.041625976562,135.245147705078,708055,110.29029083252
2015-06-12,134.764114379883,135.430160522461,133.857543945312,134.088806152344,654437,109.347328186035
2015-06-15,133.358001708984,134.292327880859,132.414428710938,133.33024597168,842207,108.728744506836
2015-06-16,133.395004272461,135.161880493164,133.395004272461,134.791854858398,699299,109.920639038086
2015-06-17,135.282150268555,135.772430419922,134.338577270508,135.217391967773,817128,110.26766204834
2015-06-18,135.892684936523,136.641998291016,135.624420166016,135.9296875,968036,110.848526000977
2015-06-19,135.578170776367,136.086959838867,134.209060668945,134.292327880859,910094,109.513290405273
2015-06-22,135.023132324219,135.615173339844,134.255325317383,134.921371459961,969765,110.026275634766
2015-06-23,134.865859985352,135.596664428711,133.774276733398,134.014801025391,1098080,109.286994934082
2015-06-24,133.487518310547,133.533767700195,132.229415893555,132.950973510742,937119,108.41943359375
2015-06-25,133.626266479492,133.940795898438,131.5263671875,132.127655029297,927066,107.748039245605
2015-06-26,132.43293762207,132.849212646484,130.878814697266,131.433853149414,2797304,107.182243347168
2015-06-29,130.074005126953,130.527282714844,126.641998291016,126.854766845703,1894885,104.041229248047
2015-06-30,127.53931427002,128.057357788086,126.447731018066,126.577239990234,1287255,103.813606262207
2015-07-01,126.771507263184,128.288619995117,126.771507263184,128.140609741211,1261311,105.095817565918
2015-07-02,128.778915405273,128.945419311523,125.966697692871,127.086029052734,1471133,104.230895996094
2015-07-06,125.920440673828,126.901016235352,125.346900939941,125.911193847656,931173,103.267349243164
2015-07-07,125.975944519043,126.975021362305,124.810363769531,126.660499572754,1226070,103.881874084473
2015-07-08,125.319145202637,125.837188720703,122.978721618652,123.024978637695,1675442,100.900177001953
2015-07-09,124.505088806152,125.17113494873,122.312675476074,122.349678039551,1771435,100.346321105957
2015-07-10,123.977798461914,126.077705383301,123.635520935059,125.744682312012,1117970,103.130744934082
2015-07-13,126.78076171875,127.187789916992,125.892692565918,126.262718200684,778969,103.555648803711
2015-07-14,126.142463684082,127.511566162109,126.022201538086,126.910270690918,835937,104.086738586426
2015-07-15,126.716003417969,128.057357788086,126.290473937988,127.197036743164,1222179,104.321937561035
2015-07-16,127.493064880371,127.779830932617,126.123962402344,126.799263000488,2713202,103.995681762695
2015-07-17,126.799263000488,126.80850982666,125.309898376465,126.003700256348,724702,103.343215942383
2015-07-20,125.883438110352,125.957443237305,124.930618286133,125.106384277344,787292,102.60725402832
2015-07-21,125.309898376465,125.485664367676,122.765960693359,123.441261291504,969657,101.241592407227
2015-07-22,123.256240844727,124.024055480957,122.68270111084,122.849212646484,1704088,100.756011962891
2015-07-23,123.006477355957,123.006477355957,121.387603759766,122.765960693359,2109572,100.68775177002
2015-07-24,122.46068572998,122.765960693359,119.740982055664,120.314521789551,1666470,98.6771774291992
2015-07-27,119.343200683594,119.953750610352,118.769660949707,119.167434692383,1746464,97.7363967895508
2015-07-28,119.805732727051,123.765029907227,118.880668640137,122.867713928223,2013146,100.771194458008
2015-07-29,122.57169342041,124.514335632324,121.757629394531,124.088806152344,1851537,101.772682189941
2015-07-30,131.822387695312,133.209991455078,129.972244262695,131.674377441406,3858846,107.994064331055
2015-07-31,132.497680664062,133.311752319336,130.832565307617,131.831634521484,2539161,108.123046875
2015-08-03,131.5263671875,136.253463745117,131.276596069336,134.949127197266,3044312,110.679885864258
2015-08-04,135.245147705078,136.688247680664,134.773361206055,135.14338684082,1295795,110.839218139648
2015-08-05,136.679000854492,137.428314208984,134.468078613281,136.401473999023,1439027,111.871040344238
2015-08-06,136.419982910156,137.234039306641,135.531921386719,136.003692626953,2524784,111.544792175293
2015-08-07,135.698425292969,136.558746337891,134.625350952148,135.235885620117,1868941,110.915061950684
2015-08-10,136.567993164062,137.243286132812,136.068450927734,137.234039306641,1085756,112.553871154785
2015-08-11,135.744674682617,136.105453491211,134.523590087891,135.707672119141,1257960,111.301986694336
2015-08-12,135.013870239258,135.235885620117,132.867721557617,134.486587524414,1472754,110.300514221191
2015-08-13,134.079559326172,135.457916259766,133.67253112793,134.819610595703,836262,110.573654174805
2015-08-14,135.060134887695,136.059204101562,134.717849731445,135.744674682617,547743,111.332382202148
2015-08-17,135.689178466797,136.123962402344,134.902862548828,135.76318359375,454993,111.347549438477
2015-08-18,135.420913696289,135.892684936523,134.791854858398,135.087875366211,918093,110.793685913086
2015-08-19,134.403335571289,134.791854858398,133.45051574707,133.811279296875,1081757,109.746650695801
2015-08-20,132.691955566406,133.358001708984,129.768737792969,129.861236572266,1457512,106.507011413574
2015-08-21,129.09342956543,129.343200683594,126.679000854492,127.187789916992,1912938,104.314338684082
2015-08-24,120.268272399902,126.364479064941,115.633674621582,122.405181884766,2731363,100.391830444336
2015-08-25,126.89176940918,127.752082824707,124.579093933105,124.708602905273,2857732,102.281021118164
2015-08-26,127.594818115234,128.316375732422,124.449584960938,127.465309143066,1727546,104.541961669922
2015-08-27,128.778915405273,130.777053833008,127.280296325684,130.11100769043,1292227,106.711860656738
2015-08-28,129.241439819336,130.795562744141,128.603149414062,130.129516601562,1107809,106.727043151855
2015-08-31,129.065673828125,129.898239135742,127.872337341309,129.074935913086,715082,105.862098693848
2015-09-01,126.438484191895,127.224792480469,124.902870178223,125.735427856445,1317307,103.123184204102
2015-09-02,127.132286071777,128.538391113281,126.105461120605,128.538391113281,1448648,105.422050476074
2015-09-03,129.306198120117,130.231262207031,128.640151977539,129.139678955078,951280,105.915237426758
2015-09-04,127.141532897949,127.724327087402,125.36540222168,125.716926574707,1073433,103.108009338379
2015-09-08,127.446807861328,128.945419311523,126.975021362305,128.81591796875,1006303,105.649688720703
2015-09-09,129.851989746094,130.314529418945,126.753005981445,126.938018798828,1283579,104.109519958496
2015-09-10,125.217391967773,127.789085388184,125.217391967773,126.281219482422,2272154,103.570808410645
2015-09-11,125.522666931152,126.503234863281,124.930618286133,126.197967529297,1522805,103.502532958984
2015-09-14,126.327476501465,126.327476501465,125.078628540039,125.328399658203,854747,102.789352416992
2015-09-15,125.929695129395,125.929695129395,124.60684967041,125.457908630371,1011384,102.895561218262
2015-09-16,125.439407348633,128.399627685547,125.263641357422,128.288619995117,1184560,105.217216491699
2015-09-17,128.825164794922,130.897323608398,127.261795043945,128.612396240234,2381659,105.482749938965
2015-09-18,126.577239990234,127.243293762207,124.329322814941,124.514335632324,1858563,102.121681213379
2015-09-21,125.189636230469,125.920440673828,123.829788208008,124.764106750488,1144887,102.326538085938
2015-09-22,123.70027923584,123.774284362793,121.581871032715,122.68270111084,1770678,100.619453430176
2015-09-23,122.71044921875,122.987976074219,120.481033325195,120.703056335449,1161426,98.9958267211914
2015-09-24,119.509712219238,120.277519226074,117.696578979492,119.759483337402,1398057,98.2219543457031
2015-09-25,120.758560180664,120.888069152832,117.483810424805,118.066604614258,1854672,96.8335113525391
2015-09-28,117.150787353516,117.308044433594,115.180389404297,115.864936828613,1595988,95.0277862548828
2015-09-29,115.097129821777,116.669746398926,114.394081115723,116.392227172852,1614906,96.0816192626953
2015-09-30,117.742828369141,118.612396240234,116.549491882324,118.020355224609,1856293,97.425651550293
2015-10-01,118.066604614258,119.750228881836,117.160034179688,119.583717346191,2438736,98.7162094116211
2015-10-02,118.36262512207,120.767807006836,117.31729888916,120.740058898926,1877157,99.6707458496094
2015-10-05,122.044403076172,123.024978637695,121.563369750977,122.960220336914,2109680,101.503486633301
2015-10-06,122.886215209961,123.922294616699,122.580940246582,122.839965820312,1002844,101.404205322266
2015-10-07,123.19149017334,124.329322814941,122.06290435791,124.116561889648,1425082,102.458045959473
2015-10-08,125.374656677246,127.844589233398,124.366325378418,127.576316833496,1672739,105.314079284668
2015-10-09,128.011108398438,130.101760864258,127.335800170898,129.463455200195,1763760,106.871894836426
2015-10-12,129.195190429688,129.620727539062,127.668823242188,128.408874511719,659842,106.001358032227
2015-10-13,127.335800170898,128.908416748047,126.530990600586,127.927841186523,1619446,105.604270935059
2015-10-14,127.872337341309,128.640151977539,127.363548278809,128.149856567383,662869,105.787528991699
2015-10-15,129.010177612305,129.509719848633,127.918594360352,129.287704467773,878853,106.72681427002
2015-10-16,129.972244262695,130.138763427734,127.641075134277,128.455139160156,791616,106.039543151855
2015-10-19,127.752082824707,128.371871948242,127.104530334473,127.687324523926,490666,105.405715942383
2015-10-20,127.631820678711,128.371871948242,126.947273254395,127.058280944824,911607,104.886436462402
2015-10-21,127.530067443848,127.761329650879,122.830711364746,125.383903503418,2152055,103.504249572754
2015-10-22,126.318222045898,127.594818115234,125.753929138184,127.502311706543,1626256,105.252983093262
2015-10-23,129.102676391602,130.342269897461,127.705825805664,129.500457763672,1733059,106.902450561523
2015-10-26,129.481964111328,129.88899230957,129.09342956543,129.296951293945,947713,106.734451293945
2015-10-27,128.344131469727,129.204437255859,128.177612304688,128.797409057617,1120457,106.322074890137
2015-10-28,128.797409057617,131.489364624023,128.510635375977,131.480117797852,1557072,108.536666870117
2015-10-29,127.215538024902,131.618865966797,125.578170776367,127.067527770996,2775900,104.894081115723
2015-10-30,127.594818115234,129.759475708008,127.594818115234,128.566146850586,1940611,106.131172180176
2015-11-02,128.464385986328,129.500457763672,127.909339904785,128.177612304688,1358277,105.810440063477
2015-11-03,127.890838623047,129.241439819336,127.391304016113,128.316375732422,815723,105.924987792969
2015-11-04,129.417205810547,129.509719848633,127.493064880371,127.835334777832,963820,105.527877807617
2015-11-05,127.456062316895,128.251617431641,125.356155395508,127.012023925781,1375032,104.848243713379
2015-11-06,125.994453430176,128.270126342773,125.809432983398,128.233123779297,972251,105.856254577637
2015-11-09,127.752082824707,128.066604614258,125.078628540039,126.114707946777,1042084,104.107513427734
2015-11-10,125.809432983398,126.688255310059,124.801109313965,126.475486755371,895068,104.405334472656
2015-11-11,127.039779663086,127.039779663086,125.744682312012,126.549491882324,674436,104.466423034668
2015-11-12,125.235893249512,125.809432983398,124.653099060059,125.161888122559,1202288,103.320983886719
2015-11-13,125.300651550293,128.297866821289,124.12580871582,127.086029052734,1692738,104.90934753418
2015-11-16,127.076782226562,129.907485961914,126.975021362305,129.833480834961,1498807,107.177383422852
2015-11-17,129.611465454102,133.052734375,128.649398803711,129.019424438477,2823032,106.505348205566
2015-11-18,129.121185302734,129.546722412109,126.614242553711,128.982421875,1422380,106.474822998047
2015-11-19,129.010177612305,129.861236572266,128.214614868164,129.472717285156,1043706,106.879539489746
2015-11-20,129.592971801758,130.240524291992,128.640151977539,128.852920532227,692056,106.367919921875
2015-11-23,129.148941040039,130.740051269531,129.148941040039,129.676223754883,860692,107.047576904297
2015-11-24,128.797409057617,129.60221862793,128.168365478516,129.019424438477,1001114,106.505348205566
2015-11-25,128.760406494141,129.814987182617,127.955596923828,127.983352661133,888366,105.650093078613
2015-11-27,127.789085388184,128.593902587891,127.002777099609,127.567070007324,581470,105.306442260742
2015-11-30,127.520812988281,128.112854003906,126.604995727539,126.632743835449,1150184,104.535148620605
2015-12-01,126.493988037109,127.974098205566,125.198890686035,127.659576416016,1633283,105.382820129395
2015-12-02,127.20629119873,128.621643066406,126.401481628418,128.122116088867,4050075,105.764625549316
2015-12-03,128.547637939453,129.019424438477,125.180389404297,125.596672058105,2163838,103.679870605469
2015-12-04,126.133209228516,128.242370605469,125.911193847656,128.066604614258,1171912,105.718803405762
2015-12-07,127.326545715332,127.42830657959,125.920440673828,126.558738708496,1623770,104.474090576172
2015-12-08,125.309898376465,126.447731018066,122.747459411621,123.006477355957,1835106,101.541664123535
2015-12-09,123.459762573242,125.245140075684,122.46068572998,123.820533752441,1883859,102.213691711426
2015-12-10,123.496765136719,123.977798461914,122.136909484863,122.580940246582,2196700,101.190368652344
2015-12-11,120.592041015625,121.202590942383,119.435707092285,120.703056335449,2375822,99.6402130126953
2015-12-14,120.53653717041,120.93431854248,118.408882141113,119.296943664551,2389551,98.4794692993164
2015-12-15,120.323776245117,122.016647338867,120.175765991211,121.646621704102,1880075,100.41911315918
2015-12-16,122.765960693359,122.839965820312,119.814987182617,122.303421020508,2374957,100.961280822754
2015-12-17,122.59944152832,122.932472229004,120,120.592041015625,2659692,99.5485763549805
2015-12-18,119.796485900879,120.277519226074,118.22386932373,118.270118713379,2443384,97.6318206787109
2015-12-21,119.629974365234,120.379280090332,118.575393676758,120.212768554688,2103518,99.2354736328125
2015-12-22,120.786308288574,122.164665222168,120.39778137207,121.692878723145,968576,100.457313537598
2015-12-23,122.691955566406,123.367256164551,122.127662658691,123.200736999512,619629,101.702041625977
2015-12-24,122.950973510742,123.83903503418,122.756706237793,123.209991455078,366351,101.709678649902
2015-12-28,122.590194702148,123.006477355957,122.136909484863,122.664199829102,686543,101.259117126465
2015-12-29,123.681777954102,124.63459777832,122.488433837891,123.21923828125,712487,101.717315673828
2015-12-30,122.192413330078,123.154487609863,121.998153686523,122.349678039551,870854,101.61742401123
2015-12-31,121.600372314453,122.229415893555,120.231269836426,120.360778808594,916364,99.9655456542969
2016-01-04,118.603141784668,119.592971801758,117.548568725586,119.509712219238,1427244,99.2587051391602
2016-01-05,118.84366607666,119.583717346191,116.475486755371,117.372802734375,1465512,97.4839096069336
2016-01-06,115.504165649414,115.707679748535,113.644775390625,114.514335632324,1610690,95.1098022460938
2016-01-07,112.183166503906,113.533767700195,110.249771118164,110.675300598145,4264329,91.9212875366211
2016-01-08,111.285842895508,111.831634521484,109.925994873047,110.101760864258,2785953,91.4449462890625
2016-01-11,112.053657531738,112.164665222168,109.750228881836,110.53653717041,2459275,91.806037902832
2016-01-12,111.646621704102,112.183166503906,110.5087890625,112.127662658691,2574510,93.1275634765625
2016-01-13,112.79370880127,113.182235717773,109.518966674805,109.666976928711,1449513,91.0838012695312
2016-01-14,110.305274963379,110.629043579102,106.975021362305,109.509712219238,3459849,90.9532241821289
2016-01-15,106.993522644043,109.287696838379,106.253471374512,108.991676330566,2512676,90.5229568481445
2016-01-19,109.88899230957,111.137832641602,108.538391113281,110.629043579102,1939422,91.8828811645508
2016-01-20,108.788162231445,109.722480773926,106.049957275391,108.751159667969,1875643,90.3232040405273
2016-01-21,109.324699401855,110.009254455566,107.659576416016,108.390380859375,1307145,90.0235595703125
2016-01-22,110.175765991211,111.646621704102,109.09342956543,110.055503845215,1120132,91.4065246582031
2016-01-25,110,110.268272399902,107.446807861328,107.594818115234,1198829,89.3628005981445
2016-01-26,108.501388549805,110.61979675293,107.724327087402,109.537467956543,1310929,90.9762420654297
2016-01-27,109.269195556641,111.461608886719,108.714157104492,109.222938537598,1639769,90.7150497436523
2016-01-28,109.833488464355,111.41535949707,109.222938537598,110.092506408691,1976717,91.4372482299805
2016-01-29,113.126731872559,117.280296325684,112.220169067383,117.215538024902,3542545,97.3532791137695
2016-02-01,116.040702819824,121.813133239746,115.65217590332,121.424606323242,3554652,100.849098205566
2016-02-02,121.239593505859,122.423683166504,119.370956420898,121.008323669434,3983485,100.503364562988
2016-02-03,122.839965820312,123.857536315918,121.026824951172,123.385757446289,3191004,102.477958679199
2016-02-04,123.30249786377,126.734504699707,122.997222900391,125.957443237305,3494873,104.613845825195
2016-02-05,125.957443237305,126.651252746582,124.847366333008,125.439407348633,2230860,104.183616638184
2016-02-08,123.968551635742,124.116561889648,119.139686584473,120.952819824219,2774062,100.45728302002
2016-02-09,119.592971801758,123.459762573242,119.167434692383,122.534690856934,1791649,101.77108001709
2016-02-10,122.895469665527,124.421829223633,120.370025634766,120.675300598145,1500644,100.226768493652
2016-02-11,118.926918029785,120.259017944336,116.660499572754,117.678077697754,2280694,97.7374420166016
2016-02-12,119.158187866211,121.147087097168,117.733581542969,120.582794189453,1199586,100.149932861328
2016-02-16,122.053657531738,122.099906921387,119.972244262695,121.507865905762,995277,100.918251037598
2016-02-17,122.747459411621,123.182235717773,121.433860778809,122.580940246582,1281742,101.809494018555
2016-02-18,122.469932556152,122.997222900391,120.795562744141,121.341354370117,1165102,100.779968261719
2016-02-19,120.90657043457,122.016647338867,119.222938537598,121.674377441406,1260554,101.056571960449
2016-02-22,122.913970947266,123.876037597656,122.368179321289,122.960220336914,968036,102.124526977539
2016-02-23,122.155410766602,122.673454284668,120.786308288574,121.378349304199,1054624,100.810684204102
2016-02-24,119.139686584473,121.859390258789,116.910270690918,121.692878723145,807723,101.071937561035
2016-02-25,122.201667785645,123.034225463867,120.675300598145,123.024978637695,684489,102.178314208984
2016-02-26,123.644775390625,124.394081115723,123.043479919434,123.626274108887,892798,102.677726745605
2016-02-29,123.432006835938,124.662353515625,122.488433837891,122.543937683105,1984608,101.778785705566
2016-03-01,123.755783081055,125.097129821777,122.025901794434,124.32007598877,1415570,103.253982543945
2016-03-02,123.413505554199,124.865867614746,122.71044921875,124.162811279297,1008033,103.123344421387
2016-03-03,124.431083679199,125.76318359375,123.968551635742,124.773361206055,1179263,103.630409240723
2016-03-04,125.504165649414,126.031448364258,123.570770263672,124.690101623535,1332873,103.56127166748
2016-03-07,124.597595214844,125.809432983398,123.755783081055,124.884368896484,970198,103.722618103027
2016-03-08,123.885292053223,124.967620849609,122.053657531738,124.162811279297,15012928,103.123344421387
2016-03-09,124.986122131348,125.346900939941,123.672523498535,124.588340759277,10709251,103.476745605469
2016-03-10,125.319145202637,125.892692565918,123.052726745605,124.514335632324,4562036,103.41527557373
2016-03-11,125.79093170166,127.456062316895,124.884368896484,126.244216918945,1387464,104.852043151855
2016-03-14,125.79093170166,126.429229736328,125.124885559082,126.040702819824,2841733,104.68302154541
2016-03-15,124.949119567871,125.328399658203,123.61701965332,124.005546569824,1850780,102.992713928223
2016-03-16,123.30249786377,126.225715637207,123.182235717773,125.864936828613,1680415,104.537033081055
2016-03-17,126.827011108398,130.804809570312,125.994453430176,130.39778137207,2432250,108.3017578125
2016-03-18,130.527282714844,132.044403076172,129.796478271484,130.980575561523,3136305,108.785835266113
2016-03-21,130.675308227539,131.230346679688,129.259948730469,130.148010253906,2057467,108.094337463379
2016-03-22,129.509719848633,133.10823059082,129.269195556641,132.349670410156,2962697,109.922958374023
2016-03-23,131.785385131836,133.145233154297,130.925064086914,133.145233154297,2711905,110.583679199219
2016-03-24,133.246994018555,133.543014526367,130.730804443359,131.137832641602,1255257,108.916442871094
2016-03-28,131.69287109375,132.876968383789,131.322845458984,132.405181884766,1863104,109.969009399414
2016-03-29,131.591125488281,135.032379150391,130.925064086914,134.162811279297,2144920,111.428825378418
2016-03-30,134.135055541992,136.133209228516,133.552261352539,134.366333007812,1459674,112.263572692871
2016-03-31,134.255325317383,134.764114379883,132.580947875977,133.256240844727,1333954,111.336090087891
2016-04-01,132.747451782227,134.63459777832,131.267349243164,134.421829223633,1440973,112.309913635254
2016-04-04,132.960220336914,133.283996582031,131.359848022461,132.007400512695,1654038,110.292663574219
2016-04-05,131.359848022461,132.645690917969,130.915817260742,132.007400512695,1016897,110.292663574219
2016-04-06,131.711380004883,132.950973510742,131.036071777344,132.923217773438,780698,111.057823181152
2016-04-07,132.377426147461,132.469940185547,130.952819824219,131.221084594727,789887,109.635665893555
2016-04-08,132.65495300293,133.154479980469,131.433853149414,131.840881347656,555634,110.153518676758
2016-04-11,132.719711303711,133.543014526367,132.405181884766,132.617950439453,1011384,110.802795410156
2016-04-12,133.006469726562,133.987045288086,132.136917114258,133.422760009766,662329,111.47518157959
2016-04-13,134.107315063477,134.329330444336,132.886215209961,133.580017089844,942848,111.606597900391
2016-04-14,134.0703125,134.301574707031,133.385757446289,134.209060668945,1102620,112.132164001465
2016-04-15,134.255325317383,134.329330444336,133.441253662109,134.162811279297,737350,112.09351348877
2016-04-18,133.820541381836,135.541168212891,133.33024597168,135.494918823242,738864,113.206497192383
2016-04-19,136.392227172852,138.020355224609,135.65217590332,138.020355224609,1177101,115.31649017334
2016-04-20,138.140609741211,138.140609741211,137.095275878906,137.678070068359,991493,115.030540466309
2016-04-21,137.622573852539,138.233123779297,136.83625793457,137.206283569336,719514,114.636337280273
2016-04-22,137.881591796875,138.297866821289,136.503234863281,137.021270751953,777023,114.48176574707
2016-04-25,136.262725830078,136.938018798828,135.679931640625,136.873260498047,933119,114.358123779297
2016-04-26,137.095275878906,137.585571289062,135.975952148438,136.4384765625,1017870,113.994819641113
2016-04-27,136.530990600586,137.641067504883,135.078628540039,137.197036743164,1484862,114.628623962402
2016-04-28,136.734512329102,140.758560180664,135.864944458008,137.409805297852,2242210,114.806381225586
2016-04-29,136.530990600586,137.511566162109,134.542083740234,134.958374023438,1780299,112.758224487305
2016-05-02,133.968551635742,136.059204101562,133.968551635742,134.939865112305,1470160,112.742752075195
2016-05-03,133.404251098633,134.144317626953,131.350601196289,132.414428710938,4028130,110.63272857666
2016-05-04,131.711380004883,132.506942749023,131.387603759766,132.14616394043,2060170,110.408615112305
2016-05-05,132.784454345703,133.5615234375,132.025909423828,132.516189575195,1394382,110.717750549316
2016-05-06,132.904724121094,134.727111816406,132.284927368164,133.737274169922,1651660,111.737983703613
2016-05-09,133.265487670898,134.12580871582,131.646621704102,131.92414855957,938416,110.223152160645
2016-05-10,132.43293762207,133.5615234375,131.665130615234,133.506011962891,990088,111.54475402832
2016-05-11,133.459762573242,133.866790771484,131.674377441406,131.748382568359,763402,110.076271057129
2016-05-12,133.395004272461,133.626266479492,131.961151123047,132.59944152832,1097756,110.787330627441
2016-05-13,132.284927368164,132.886215209961,130.629043579102,131.202590942383,730432,109.620254516602
2016-05-16,131.350601196289,133.145233154297,131.248840332031,132.793716430664,903500,110.949668884277
2016-05-17,132.747451782227,133.469009399414,131.563369750977,132.173919677734,1761490,110.431800842285
2016-05-18,131.359848022461,132.830718994141,130.545791625977,131.082336425781,729675,109.51976776123
2016-05-19,131.119338989258,131.942642211914,129.962997436523,131.082336425781,717892,109.51976776123
2016-05-20,131.859390258789,132.155410766602,130.518035888672,130.841812133789,681787,109.318832397461
2016-05-23,131.119338989258,131.766876220703,130.952819824219,131.054580688477,899068,109.496574401855
2016-05-24,131.285842895508,132.82145690918,130.962066650391,132.562438964844,652384,110.756416320801
2016-05-25,133.061981201172,133.931549072266,132.738204956055,132.913970947266,725027,111.050109863281
2016-05-26,133.209991455078,133.432006835938,132.294174194336,132.349670410156,475532,110.578659057617
2016-05-27,132.386672973633,132.775207519531,132.14616394043,132.340423583984,474775,110.570915222168
2016-05-31,132.913970947266,132.913970947266,131.609619140625,131.951889038086,740377,110.246292114258
2016-06-01,131.507858276367,133.358001708984,130.666046142578,133.209991455078,887609,111.297439575195
2016-06-02,132.691955566406,132.747451782227,131.618865966797,132.747451782227,726540,110.910995483398
2016-06-03,132.645690917969,132.747451782227,131.609619140625,132.516189575195,549256,110.717750549316
2016-06-06,133.089736938477,134.949127197266,133.089736938477,134.653091430664,781347,112.503135681152
2016-06-07,134.505081176758,135.004623413086,134.153564453125,134.366333007812,962198,112.263572692871
2016-06-08,134.828857421875,136.170211791992,134.144317626953,135.883438110352,865016,113.53108215332
2016-06-09,134.939865112305,135.846435546875,134.227569580078,135.615173339844,632926,113.30696105957
2016-06-10,134.875122070312,135.605926513672,134.190567016602,135.420913696289,772699,113.144691467285
2016-06-13,134.995376586914,135.393157958984,133.117477416992,133.237747192383,893555,111.320610046387
2016-06-14,133.172988891602,133.598526000977,132.14616394043,133.117477416992,956036,111.220123291016
2016-06-15,133.913040161133,134.838119506836,132.775207519531,132.886215209961,838532,111.026947021484
2016-06-16,132.423675537109,133.691024780273,130.777053833008,133.543014526367,748052,111.575645446777
2016-06-17,133.691024780273,133.691024780273,132.007400512695,132.571685791016,1181965,110.764122009277
2016-06-20,133.950042724609,135.124877929688,133.089736938477,133.246994018555,1346602,111.328369140625
2016-06-21,133.45051574707,133.635528564453,131.859390258789,132.423675537109,1201748,110.640472412109
2016-06-22,132.849212646484,133.006469726562,132.14616394043,132.747451782227,1038409,110.910995483398
2016-06-23,134.209060668945,135.263641357422,134.144317626953,135.078628540039,1337089,112.858688354492
2016-06-24,130.453277587891,132.03515625,128.834411621094,129.620727539062,2061791,108.29857635498
2016-06-27,128.538391113281,128.714157104492,124.09806060791,124.71785736084,1610582,104.202224731445
2016-06-28,125.892692565918,126.549491882324,124.273818969727,126.475486755371,1594799,105.670745849609
2016-06-29,126.540237426758,129.130432128906,125.975944519043,128.825164794922,1536750,108.315246582031
2016-06-30,129.121185302734,131.443115234375,128.427383422852,131.396850585938,1635229,110.477485656738
2016-07-01,130.999069213867,131.998153686523,130.037002563477,130.379272460938,1184127,109.621917724609
2016-07-05,129.528213500977,130.101760864258,127.548568725586,128.112854003906,972143,107.716316223145
2016-07-06,128.011108398438,129.037933349609,127.021278381348,128.917663574219,913877,108.393005371094
2016-07-07,129.38020324707,129.916748046875,128.547637939453,129.204437255859,722000,108.634117126465
2016-07-08,130.407028198242,133.876037597656,129.879745483398,133.533767700195,1580530,112.27417755127
2016-07-11,134.569839477539,134.653091430664,132.756713867188,134.005554199219,1119159,112.670860290527
2016-07-12,134.625350952148,136.799255371094,134.440338134766,136.632751464844,2352256,114.879791259766
2016-07-13,136.873260498047,136.910263061523,135.726181030273,136.83625793457,854855,115.050895690918
2016-07-14,137.308044433594,138.436630249023,136.947265625,137.742828369141,1152346,115.813171386719
2016-07-15,138.205368041992,138.4736328125,137.317306518555,138.159118652344,877772,116.163131713867
2016-07-18,138.168365478516,138.464385986328,137.511566162109,138.011108398438,1031058,116.038726806641
2016-07-19,137.474563598633,138.223861694336,137.150787353516,138.186859130859,878313,116.186477661133
2016-07-20,138.048110961914,138.760406494141,137.835342407227,138.159118652344,662869,116.163131713867
2016-07-21,138.297866821289,138.297866821289,136.743759155273,137.187789916992,499530,115.346450805664
2016-07-22,137.363555908203,137.724334716797,136.734512329102,137.493057250977,390241,115.60311126709
2016-07-25,137.317306518555,137.650329589844,136.706756591797,137.391296386719,671301,115.517593383789
2016-07-26,137.835342407227,139.269195556641,137.095275878906,138.621643066406,1366925,116.552062988281
2016-07-27,138.714157104492,138.834411621094,137.502319335938,137.844589233398,1219584,115.89868927002
2016-07-28,140.138763427734,141.248840332031,137.354309082031,137.826080322266,1635769,115.883117675781
2016-07-29,137.659576416016,139.454208374023,137.160034179688,138.223861694336,1621068,116.217559814453
2016-08-01,136.679000854492,138.168365478516,136.096206665039,137.974090576172,1042084,116.007591247559
2016-08-02,137.85383605957,137.974090576172,136.484741210938,137.123031616211,672814,115.292015075684
2016-08-03,137.604064941406,137.604064941406,136.716003417969,137.104537963867,928039,115.27645111084
2016-08-04,137.067535400391,138.325622558594,136.512481689453,137.835342407227,889339,115.890892028809
2016-08-05,138.288619995117,138.760406494141,137.576324462891,138.029602050781,1009870,116.054222106934
2016-08-08,138.482879638672,138.482879638672,137.234039306641,137.613327026367,679300,115.704261779785
2016-08-09,137.68733215332,138.094360351562,137.363555908203,137.927841186523,756484,115.968681335449
2016-08-10,138.066604614258,138.066604614258,137.419052124023,137.863082885742,571525,115.91423034668
2016-08-11,138.381134033203,138.640151977539,137.511566162109,137.881591796875,666328,115.929809570312
2016-08-12,138.760406494141,140.684555053711,138.205368041992,138.612396240234,1406922,116.544212341309
2016-08-15,138.917663574219,140.360778808594,138.769653320312,140.166519165039,794967,117.85099029541
2016-08-16,141.221084594727,143.302505493164,141.082336425781,141.322845458984,2038442,118.823165893555
2016-08-17,141.396850585938,142.506942749023,140.249771118164,142.20166015625,1160237,119.56209564209
2016-08-18,142.183166503906,143.385757446289,141.896392822266,143.358001708984,1077433,120.534332275391
2016-08-19,142.59944152832,144.255325317383,142.173919677734,144.014801025391,1061434,121.086563110352
2016-08-22,143.515258789062,144.227569580078,143.10823059082,143.829788208008,621251,120.930992126465
2016-08-23,144.310821533203,145.097137451172,143.737274169922,143.783538818359,870637,120.892097473145
2016-08-24,143.5615234375,144.116561889648,143.135986328125,143.580017089844,949875,120.720970153809
2016-08-25,143.469009399414,144.458831787109,143.469009399414,144.061050415039,866097,121.125427246094
2016-08-26,144.135055541992,144.310821533203,142.062911987305,142.691955566406,1184992,119.974311828613
2016-08-29,142.987976074219,145.707672119141,142.987976074219,144.209060668945,936146,121.24991607666
2016-08-30,144.0703125,145.457916259766,143.67253112793,144.912124633789,1229529,121.841018676758
2016-08-31,144.375579833984,144.995376586914,143.700271606445,143.959289550781,1119808,121.039855957031
2016-09-01,144.431076049805,144.819610595703,143.894546508789,144.588348388672,1408759,121.568778991699
2016-09-02,145.235885620117,145.568923950195,144.616088867188,145.319152832031,1143806,122.183265686035
2016-09-06,145.568923950195,146.012954711914,144.653091430664,145.605926513672,1272229,122.424369812012
2016-09-07,144.976867675781,145.809432983398,144.625350952148,145.605926513672,759511,122.424369812012
2016-09-08,145.642929077148,145.87419128418,144.144317626953,144.209060668945,1287471,121.24991607666
2016-09-09,143.45051574707,143.45051574707,140.157257080078,140.175765991211,2449438,117.858741760254
2016-09-12,139.611465454102,141.239593505859,138.066604614258,139.296951293945,9047430,117.119827270508
2016-09-13,138.603149414062,139.306198120117,135.319152832031,136.641998291016,3827713,114.887542724609
2016-09-14,136.651245117188,137.465316772461,134.606842041016,135.81867980957,3098146,114.195327758789
2016-09-15,135.568923950195,136.049957275391,135.087875366211,135.596664428711,3190139,114.008651733398
2016-09-16,134.819610595703,135.578170776367,134.024047851562,134.875122070312,5836860,113.401985168457
2016-09-19,135.679931640625,136.734512329102,135.522659301758,135.800186157227,1380005,114.179763793945
2016-09-20,136.706756591797,137.187789916992,135.975952148438,136.049957275391,1158292,114.389770507812
2016-09-21,136.410736083984,137.779830932617,136.216461181641,137.594818115234,1152022,115.688674926758
2016-09-22,138.880661010742,139.278442382812,136.725250244141,137.049026489258,1342062,115.229789733887
2016-09-23,136.336730957031,137.012023925781,136.105453491211,136.410736083984,935173,114.693130493164
2016-09-26,136.364471435547,137.724334716797,135.985198974609,137.234039306641,1277850,115.385345458984
2016-09-27,137.280288696289,138.251617431641,136.965774536133,137.68733215332,1373194,115.766471862793
2016-09-28,138.140609741211,138.973175048828,137.641067504883,138.556884765625,1445189,116.497581481934
2016-09-29,138.547637939453,140.240524291992,138.482879638672,139.232192993164,2203186,117.065391540527
2016-09-30,140.018493652344,140.490280151367,138.658645629883,139.074935913086,2345013,116.933174133301
2016-10-03,139.839996337891,141.020004272461,138.850006103516,140.570007324219,3017900,118.190200805664
2016-10-04,140.679992675781,141.070007324219,136.990005493164,137.320007324219,2202700,115.457611083984
2016-10-05,137.320007324219,138.139999389648,136.539993286133,136.979995727539,1701500,115.171737670898
2016-10-06,135.990005493164,137.149993896484,135.899993896484,137.029998779297,1182700,115.941673278809
2016-10-07,137.229995727539,137.229995727539,133.740005493164,135.080001831055,1886700,114.291809082031
2016-10-10,135.940002441406,135.940002441406,135.070007324219,135.399993896484,1871800,114.562530517578
2016-10-11,135.009994506836,135.029998779297,131.729995727539,132.649993896484,1932800,112.235771179199
2016-10-12,132.270004272461,133.149993896484,131.990005493164,132.809997558594,1188300,112.371131896973
2016-10-13,131.339996337891,132.559997558594,129.899993896484,132.259994506836,1484300,111.90576171875
2016-10-14,133.270004272461,133.270004272461,132,132.649993896484,1193700,112.235771179199
2016-10-17,132.649993896484,133.229995727539,132.179992675781,132.279998779297,797400,111.922714233398
2016-10-18,133.910003662109,134.520004272461,133.460006713867,133.820007324219,905200,113.225708007812
2016-10-19,134.229995727539,134.380004882812,133.220001220703,133.910003662109,850700,113.30184173584
2016-10-20,133.679992675781,134.770004272461,133.210006713867,134.389999389648,1184400,113.708000183105
2016-10-21,133.350006103516,134.639999389648,132.770004272461,134.440002441406,999600,113.750282287598
2016-10-24,135.080001831055,136.070007324219,134.449996948242,134.809997558594,884300,114.063369750977
2016-10-25,135.389999389648,135.389999389648,133.479995727539,133.509994506836,1510100,112.963417053223
2016-10-26,132.779998779297,133.050003051758,131.75,132.979995727539,2757600,112.514976501465
2016-10-27,133.5,135.050003051758,129,133.399993896484,3602800,112.870330810547
2016-10-28,133.399993896484,135.139999389648,132.669998168945,133.809997558594,2100600,113.217277526855
2016-10-31,134.259994506836,134.490005493164,133.380004882812,133.419998168945,1624800,112.887260437012
2016-11-01,133.740005493164,134.509994506836,131.119995117188,132.259994506836,1695600,111.90576171875
2016-11-02,132.330001831055,133.869995117188,131.800003051758,133.550003051758,2102300,112.997253417969
2016-11-03,134,134.720001220703,133.050003051758,133.089996337891,1375700,112.608070373535
2016-11-04,132.990005493164,134.059997558594,132.070007324219,133.369995117188,1147200,112.844970703125
2016-11-07,135.350006103516,137.259994506836,134.839996337891,137.080001831055,2233500,115.984024047852
2016-11-08,136.880004882812,137.880004882812,136.380004882812,136.929992675781,1505500,115.857086181641
2016-11-09,134.979995727539,137.919998168945,134.179992675781,137.220001220703,2378300,116.102493286133
2016-11-10,138.110000610352,141,137.889999389648,139.979995727539,2003300,118.437690734863
2016-11-11,140.080001831055,141.139999389648,138.160003662109,138.539993286133,1641900,117.21932220459
2016-11-14,138.550003051758,139.190002441406,137.880004882812,137.979995727539,1304300,116.74552154541
2016-11-15,137.789993286133,138.350006103516,136.860000610352,138.139999389648,856100,116.880897521973
2016-11-16,138.080001831055,138.789993286133,137.429992675781,138.740005493164,1052900,117.388542175293
2016-11-17,138.929992675781,139.339996337891,137.889999389648,138,1157700,116.762435913086
2016-11-18,138,138.529998779297,137.600006103516,137.960006713867,1559200,116.728584289551
2016-11-21,142.800003051758,142.800003051758,139.009994506836,139.740005493164,1232400,118.234657287598
2016-11-22,140.240005493164,140.880004882812,138.779998779297,139.710006713867,1372500,118.209266662598
2016-11-23,139.369995117188,140.789993286133,139.369995117188,140.75,672400,119.089241027832
2016-11-25,141,141.539993286133,140.720001220703,141.539993286133,283600,119.757614135742
2016-11-28,141.429992675781,142.389999389648,140.759994506836,141.779998779297,1447700,119.96070098877
2016-11-29,140.970001220703,144.169998168945,140.529998779297,143.470001220703,2055300,121.390632629395
2016-11-30,143.649993896484,145.259994506836,142.899993896484,144.460006713867,2697900,122.228240966797
2016-12-01,144.419998168945,145.369995117188,143.789993286133,144.070007324219,1355400,121.898284912109
2016-12-02,144,145.059997558594,143.449996948242,144.550003051758,1301700,122.304405212402
2016-12-05,146.210006713867,147.850006103516,145.759994506836,147.330001831055,1783700,124.656578063965
2016-12-06,147.190002441406,147.5,146.020004272461,146.570007324219,866200,124.013565063477
2016-12-07,146.809997558594,148.589996337891,145.889999389648,148.539993286133,1159400,125.680389404297
2016-12-08,148.610000610352,149.149993896484,148.089996337891,149.059997558594,836300,126.12035369873
2016-12-09,148.839996337891,149.699996948242,147.970001220703,149.550003051758,669800,126.534980773926
2016-12-12,149.860000610352,150.389999389648,148.970001220703,149.639999389648,802800,126.611061096191
2016-12-13,150.029998779297,150.449996948242,148.270004272461,149.119995117188,1025400,126.171119689941
2016-12-14,148.979995727539,149.830001831055,147.110000610352,148.179992675781,1526200,125.375755310059
2016-12-15,147.860000610352,149.399993896484,147.449996948242,149.089996337891,1069800,126.145751953125
2016-12-16,149.270004272461,149.520004272461,147.259994506836,147.429992675781,2204700,124.741165161133
2016-12-19,147.350006103516,148,146.889999389648,147.720001220703,761600,124.98657989502
2016-12-20,147.899993896484,149.809997558594,147.050003051758,147.5,1793800,124.80046081543
2016-12-21,148.320007324219,148.509994506836,147.009994506836,147.350006103516,970400,124.673522949219
2016-12-22,147.110000610352,147.960006713867,145.690002441406,146.089996337891,1091300,123.607406616211
2016-12-23,146.029998779297,146.600006103516,145.639999389648,146.479995727539,587400,123.937408447266
2016-12-27,146.619995117188,147.559997558594,146.619995117188,147.380004882812,1029600,124.69889831543
2016-12-28,147.669998168945,147.669998168945,145.020004272461,145.119995117188,630000,122.786689758301
2016-12-29,144.449996948242,145.050003051758,144.169998168945,144.369995117188,479300,122.880325317383
2016-12-30,144.529998779297,144.820007324219,143.229995727539,143.820007324219,725900,122.41219329834
2017-01-03,143.559997558594,144.729995727539,142.839996337891,143.399993896484,1402100,122.054695129395
2017-01-04,144.039993286133,144.839996337891,143.690002441406,144.649993896484,2012200,123.118637084961
2017-01-05,144.380004882812,144.419998168945,142.839996337891,143.220001220703,1260300,121.901481628418
2017-01-06,143.240005493164,144.800003051758,142.949996948242,144.360000610352,1745900,122.871803283691
2017-01-09,144.300003051758,147.589996337891,144.289993286133,146.309997558594,2370400,124.531547546387
2017-01-10,146.490005493164,146.889999389648,145.210006713867,145.259994506836,1038800,123.637832641602
2017-01-11,144.789993286133,146.100006103516,144.789993286133,146.009994506836,1000800,124.276214599609
2017-01-12,145.960006713867,145.960006713867,144.199996948242,145.839996337891,654000,124.131500244141
2017-01-13,145.699996948242,146.080001831055,145.050003051758,145.350006103516,996500,123.714454650879
2017-01-17,145.070007324219,145.839996337891,144.669998168945,145.339996337891,1268700,123.705947875977
2017-01-18,145.559997558594,146.350006103516,144.559997558594,146.330001831055,1147600,124.54857635498
2017-01-19,146.360000610352,146.639999389648,145.169998168945,145.470001220703,1239400,123.816596984863
2017-01-20,145.699996948242,146.779998779297,145.589996337891,146.619995117188,1150000,124.795379638672
2017-01-23,146.389999389648,146.880004882812,144.770004272461,146.070007324219,1268400,124.327301025391
2017-01-24,146.550003051758,147.410003662109,146.259994506836,147.130004882812,2016400,125.229484558105
2017-01-25,147.5,148.729995727539,147.149993896484,148.529998779297,1597800,126.421112060547
2017-01-26,148.240005493164,149.460006713867,147.679992675781,148.809997558594,1856100,126.659408569336
2017-01-27,140,142.470001220703,137.050003051758,142.009994506836,5469500,120.871574401855
2017-01-30,140.100006103516,141.830001831055,139.910003662109,140.990005493164,2724900,120.003440856934
2017-01-31,140.990005493164,141.220001220703,139.139999389648,139.759994506836,2483800,118.956512451172
2017-02-01,139.320007324219,140.240005493164,138,138.679992675781,1652300,118.037254333496
2017-02-02,138.679992675781,139.850006103516,137.460006713867,139.279998779297,1438500,118.547981262207
2017-02-03,139.770004272461,140.289993286133,139.149993896484,140.160003662109,1300200,119.296974182129
2017-02-06,140,140.270004272461,138.639999389648,139.050003051758,808600,118.352210998535
2017-02-07,139.089996337891,139.490005493164,137.880004882812,138.800003051758,1466900,118.139434814453
2017-02-08,138.179992675781,138.809997558594,137.720001220703,138.589996337891,1649000,117.960662841797
2017-02-09,138.589996337891,139.460006713867,138.220001220703,138.539993286133,1298000,117.918106079102
2017-02-10,138.899993896484,140.440002441406,138.539993286133,140.130004882812,2272600,119.271461486816
2017-02-13,140.75,141.25,139.850006103516,140.5,1670500,119.586357116699
2017-02-14,140.399993896484,142.259994506836,139.75,142.130004882812,2001500,120.973770141602
2017-02-15,141.669998168945,142.990005493164,141.190002441406,142.380004882812,1429000,121.186538696289
2017-02-16,142.570007324219,143.119995117188,141.059997558594,141.869995117188,860900,120.752418518066
2017-02-17,141.970001220703,142.139999389648,141.100006103516,141.5,717400,120.437484741211
2017-02-21,140.979995727539,141.800003051758,140.830001831055,141.470001220703,1148200,120.411956787109
2017-02-22,140.770004272461,141.369995117188,140.279998779297,140.339996337891,992600,119.4501953125
2017-02-23,140.970001220703,141.210006713867,139.320007324219,140.360000610352,1434200,119.467193603516
2017-02-24,140.070007324219,141.009994506836,139.610000610352,140.860000610352,890300,119.892799377441
2017-02-27,140.929992675781,141.229995727539,139.119995117188,139.380004882812,1079200,118.633110046387
2017-02-28,138.929992675781,140.699996948242,138.800003051758,140.470001220703,1677800,119.560844421387
2017-03-01,142.130004882812,144.059997558594,141.979995727539,143.690002441406,1707000,122.301544189453
2017-03-02,143.410003662109,143.410003662109,140.410003662109,140.570007324219,1267500,119.645957946777
2017-03-03,140.339996337891,140.869995117188,139.130004882812,139.520004272461,923200,118.752250671387
2017-03-06,139.020004272461,140.110000610352,138.660003662109,139.309997558594,973500,118.573501586914
2017-03-07,139.220001220703,139.839996337891,138.850006103516,139.639999389648,870700,118.854385375977
2017-03-08,139.729995727539,140.419998168945,139.149993896484,139.559997558594,1183400,118.78630065918
2017-03-09,139.600006103516,140.509994506836,138.029998779297,138.580001831055,1570800,117.952178955078
2017-03-10,139.410003662109,139.600006103516,138.25,138.770004272461,1475500,118.113868713379
2017-03-13,138.899993896484,139.289993286133,136.929992675781,137.820007324219,1443000,117.305290222168
2017-03-14,137.539993286133,137.580001831055,135.880004882812,136.179992675781,1747500,115.909385681152
2017-03-15,136.889999389648,138.429992675781,136.169998168945,137.990005493164,2460600,117.450012207031
2017-03-16,138.25,138.25,137.029998779297,137.970001220703,1462700,117.43293762207
2017-03-17,138.559997558594,139.610000610352,138.490005493164,139.529998779297,2174000,118.7607421875
2017-03-20,139.490005493164,139.699996948242,138.320007324219,138.690002441406,1248700,118.045806884766
2017-03-21,138.690002441406,138.949996948242,136,136.449996948242,1548100,116.139205932617
2017-03-22,136.369995117188,137,135.009994506836,136.410003662109,841400,116.105186462402
2017-03-23,136.160003662109,138.009994506836,135.300003051758,137.050003051758,1188700,116.649940490723
2017-03-24,136.830001831055,137.429992675781,134.669998168945,134.940002441406,1313400,114.85400390625
2017-03-27,133.869995117188,136.210006713867,133.630004882812,135.919998168945,2522700,115.688102722168
2017-03-28,135.839996337891,137.580001831055,135.839996337891,137.25,1014000,116.820137023926
2017-03-29,136.759994506836,137.300003051758,136.229995727539,136.779998779297,740000,116.420082092285
2017-03-30,135.800003051758,136.850006103516,135.600006103516,135.600006103516,2069300,116.222961425781
2017-03-31,135.130004882812,136.330001831055,135.119995117188,135.289993286133,1844700,115.957252502441
2017-04-03,135.699996948242,136.440002441406,134.089996337891,134.949996948242,1624200,115.665870666504
2017-04-04,135.080001831055,135.389999389648,134.679992675781,135.350006103516,1109800,116.008674621582
2017-04-05,135.839996337891,137.100006103516,135.020004272461,135.240005493164,930800,115.914443969727
2017-04-06,135.479995727539,135.830001831055,135,135.190002441406,860400,115.871551513672
2017-04-07,134.779998779297,135.550003051758,134.330001831055,135.009994506836,2908200,115.717247009277
2017-04-10,135.220001220703,136.110000610352,135.070007324219,135.759994506836,859000,116.36011505127
2017-04-11,135.789993286133,136.470001220703,135.399993896484,136.419998168945,1004000,116.925796508789
2017-04-12,136.460006713867,136.479995727539,135.350006103516,135.509994506836,899300,116.145812988281
2017-04-13,135.330001831055,135.580001831055,134.169998168945,134.300003051758,626900,115.108734130859
2017-04-17,134.779998779297,135.899993896484,134.419998168945,135.860000610352,1092400,116.445808410645
2017-04-18,135.039993286133,136.020004272461,134.720001220703,135.270004272461,701000,115.940132141113
2017-04-19,135.729995727539,136.039993286133,134.779998779297,134.960006713867,577400,115.674423217773
2017-04-20,135.619995117188,137.339996337891,135.199996948242,136.899993896484,985300,117.337188720703
2017-04-21,136.869995117188,137.660003662109,136.820007324219,137.300003051758,1121300,117.680061340332
2017-04-24,137.910003662109,139.899993896484,137.910003662109,139.759994506836,1006800,119.788497924805
2017-04-25,140.220001220703,141.860000610352,140.139999389648,141.729995727539,1189400,121.476997375488
2017-04-26,141.330001831055,142.449996948242,140.75,141.580001831055,1511300,121.348442077637
2017-04-27,141.279998779297,141.850006103516,137.720001220703,141.100006103516,1855100,120.937019348145
2017-04-28,141,141.190002441406,139.350006103516,140.5,1910900,120.422760009766
2017-05-01,141.550003051758,142.139999389648,140.009994506836,142.029998779297,1671200,121.734115600586
2017-05-02,142.5,143.580001831055,142.009994506836,143.520004272461,2492300,123.011199951172
2017-05-03,143.490005493164,144.320007324219,143.259994506836,143.820007324219,1906500,123.268333435059
2017-05-04,143.910003662109,145.580001831055,143.899993896484,144.759994506836,2303200,124.073989868164
2017-05-05,145,147.660003662109,145,147.220001220703,2316900,126.182495117188
2017-05-08,146.820007324219,147.389999389648,145.929992675781,146.190002441406,1589900,125.299659729004
2017-05-09,146.199996948242,146.440002441406,144.979995727539,145.300003051758,943200,124.536827087402
2017-05-10,145.449996948242,145.600006103516,144.639999389648,145.25,928300,124.493957519531
2017-05-11,144.990005493164,145.050003051758,143.289993286133,143.860000610352,1065800,123.302581787109
2017-05-12,143.860000610352,145.110000610352,143.720001220703,144.070007324219,1288100,123.482612609863
2017-05-15,144.509994506836,145.220001220703,144.119995117188,145.080001831055,710600,124.348266601562
2017-05-16,142.729995727539,145.240005493164,142.639999389648,144.350006103516,2118700,123.722640991211
2017-05-17,144.350006103516,144.350006103516,142.539993286133,142.570007324219,1349800,122.196968078613
2017-05-18,142.649993896484,143.529998779297,141.339996337891,142.710006713867,1271300,122.316940307617
2017-05-19,142.990005493164,143.960006713867,142.559997558594,143.100006103516,1339500,122.651237487793
2017-05-22,143.850006103516,143.889999389648,142.860000610352,143.309997558594,820900,122.831192016602
2017-05-23,143.580001831055,143.580001831055,142.589996337891,142.830001831055,639100,122.419815063477
2017-05-24,143.279998779297,144.919998168945,142.880004882812,144.139999389648,1081000,123.542610168457
2017-05-25,144.149993896484,144.509994506836,143.320007324219,144.119995117188,781300,123.525482177734
2017-05-26,143.839996337891,144.270004272461,143.550003051758,143.910003662109,694200,123.345504760742
2017-05-30,143.649993896484,144.300003051758,143.339996337891,143.970001220703,885200,123.396896362305
2017-05-31,143.830001831055,144.309997558594,142.979995727539,144.059997558594,1494000,123.474044799805
2017-06-01,144.460006713867,145.929992675781,144,145.080001831055,1085100,124.348266601562
2017-06-02,145.470001220703,147.5,144.779998779297,146.789993286133,1192100,125.813911437988
2017-06-05,146.610000610352,146.830001831055,144.869995117188,144.960006713867,1291900,124.245452880859
2017-06-06,144.479995727539,144.830001831055,143.850006103516,144.119995117188,770800,123.525482177734
2017-06-07,144.580001831055,144.679992675781,143.179992675781,143.360000610352,883000,122.874046325684
2017-06-08,143.360000610352,144.160003662109,142.529998779297,143.5,1065800,122.994064331055
2017-06-09,143.669998168945,146.089996337891,143.669998168945,145.850006103516,1152400,125.008247375488
2017-06-12,145.5,146.179992675781,144.229995727539,144.429992675781,1199700,123.791160583496
2017-06-13,144.419998168945,146.320007324219,144.039993286133,146.270004272461,831400,125.368209838867
2017-06-14,146.270004272461,146.350006103516,144.809997558594,145.559997558594,774100,124.759689331055
2017-06-15,144.789993286133,146.539993286133,144.710006713867,145.210006713867,2037700,124.459716796875
2017-06-16,145.660003662109,146,144.649993896484,145.509994506836,1735700,124.716827392578
2017-06-19,146.369995117188,147.380004882812,145.820007324219,146.149993896484,1268600,125.265419006348
2017-06-20,145.240005493164,145.800003051758,144.619995117188,144.740005493164,801400,124.056861877441
2017-06-21,144.910003662109,145.649993896484,143.309997558594,143.479995727539,749900,122.976959228516
2017-06-22,143.320007324219,144.529998779297,143.199996948242,144.25,1007800,123.636878967285
2017-06-23,144.600006103516,145.029998779297,143.809997558594,144.940002441406,4010200,124.228286743164
2017-06-26,145.029998779297,145.539993286133,144.580001831055,144.910003662109,1150900,124.202590942383
2017-06-27,145.050003051758,145.509994506836,143.830001831055,143.830001831055,796500,123.276908874512
2017-06-28,145.169998168945,145.25,144.399993896484,144.839996337891,869700,124.142562866211
2017-06-29,144.190002441406,144.460006713867,140.779998779297,141.770004272461,891700,122.313552856445
2017-06-30,141.970001220703,143.860000610352,141.889999389648,143.059997558594,938100,123.426513671875
2017-07-03,143.729995727539,144.740005493164,143.5,144.289993286133,411600,124.487670898438
2017-07-05,144.149993896484,144.490005493164,142.449996948242,142.610000610352,718700,123.038261413574
2017-07-06,142.309997558594,143.440002441406,141.990005493164,142.130004882812,533600,122.624145507812
2017-07-07,142.429992675781,144.130004882812,142.070007324219,144.009994506836,708700,124.24609375
2017-07-10,143.539993286133,144.520004272461,143.080001831055,143.5,591100,123.806106567383
2017-07-11,143.619995117188,143.720001220703,142.190002441406,142.770004272461,645400,123.176277160645
2017-07-12,143.25,144.240005493164,143.179992675781,143.729995727539,948700,124.00456237793
2017-07-13,143.899993896484,144.679992675781,143.289993286133,144.369995117188,1004800,124.556709289551
2017-07-14,144.660003662109,145.779998779297,144.350006103516,145.570007324219,1013600,125.592018127441
2017-07-17,145.429992675781,146.080001831055,145.240005493164,145.550003051758,1195100,125.574783325195
2017-07-18,144.589996337891,145.5,144.589996337891,145.240005493164,757300,125.30729675293
2017-07-19,145.179992675781,146.210006713867,144.820007324219,146.210006713867,1478500,126.144218444824
2017-07-20,146.020004272461,146.339996337891,145.130004882812,146.009994506836,1299900,125.971633911133
2017-07-21,145.889999389648,145.889999389648,144.649993896484,145.639999389648,1226600,125.65242767334
2017-07-24,145.330001831055,145.330001831055,144.320007324219,144.940002441406,1308200,125.048477172852
2017-07-25,145.990005493164,146.550003051758,144.729995727539,145.039993286133,1284700,125.134719848633
2017-07-26,144.960006713867,145.160003662109,143.820007324219,143.899993896484,1108100,124.151229858398
2017-07-27,144.080001831055,144.300003051758,142.710006713867,143.649993896484,1243200,123.935478210449
2017-07-28,143.979995727539,144.190002441406,142.619995117188,143.490005493164,928900,123.797515869141
2017-07-31,144.179992675781,144.229995727539,141.880004882812,142.149993896484,1826700,122.64134979248
2017-08-01,148,149.639999389648,146.149993896484,148.919998168945,4473400,128.482269287109
2017-08-02,148.339996337891,148.899993896484,146.979995727539,148.110000610352,3983700,127.78343963623
2017-08-03,148.470001220703,148.600006103516,146.699996948242,146.919998168945,1860000,126.756706237793
2017-08-04,147.410003662109,148.039993286133,147.020004272461,147.220001220703,804500,127.015594482422
2017-08-07,147.940002441406,147.940002441406,146.929992675781,147.300003051758,866600,127.084602355957
2017-08-08,147.210006713867,147.289993286133,145.630004882812,145.850006103516,866100,125.833587646484
2017-08-09,145.839996337891,146.360000610352,145.570007324219,146.25,1162800,126.178695678711
2017-08-10,145.520004272461,146,144.889999389648,145.020004272461,1054200,125.11750793457
2017-08-11,143.809997558594,145.789993286133,143.809997558594,144.600006103516,1068600,124.755142211914
2017-08-14,145.479995727539,147.429992675781,145.369995117188,146.639999389648,1337800,126.515182495117
2017-08-15,146.5,146.910003662109,145.800003051758,146.809997558594,1319200,126.661849975586
2017-08-16,147,148.160003662109,146.910003662109,148.080001831055,1232300,127.757507324219
2017-08-17,147.880004882812,148.100006103516,145.529998779297,145.539993286133,1207600,125.56616973877
2017-08-18,145.429992675781,146.350006103516,144.800003051758,145.759994506836,1402400,125.755950927734
2017-08-21,145.740005493164,145.75,144.919998168945,145.149993896484,1584700,125.229621887207
2017-08-22,145.839996337891,146.800003051758,145.399993896484,145.949996948242,1232400,125.919860839844
2017-08-23,145.360000610352,145.759994506836,144.949996948242,145.160003662109,2214400,125.238288879395
2017-08-24,145.470001220703,145.809997558594,144.910003662109,145.229995727539,953800,125.298667907715
2017-08-25,145.050003051758,146.470001220703,145.050003051758,146.009994506836,953200,125.971633911133
2017-08-28,146.679992675781,146.699996948242,145.350006103516,145.779998779297,540600,125.77320098877
2017-08-29,144.789993286133,145.479995727539,144.639999389648,145.369995117188,458600,125.419471740723
2017-08-30,145.350006103516,145.839996337891,145.119995117188,145.509994506836,879200,125.540252685547
2017-08-31,146,146,145.240005493164,145.369995117188,1192700,125.419471740723
2017-09-01,145.660003662109,146.110000610352,145.039993286133,145.649993896484,992800,125.661056518555
2017-09-05,145.149993896484,145.809997558594,143.869995117188,144.470001220703,1748700,124.642967224121
2017-09-06,144.369995117188,144.899993896484,143.860000610352,144.5,2832400,124.668876647949
2017-09-07,144.5,144.580001831055,143.789993286133,144.369995117188,2214300,124.556709289551
2017-09-08,144.330001831055,145.369995117188,144.029998779297,144.970001220703,1715400,125.074356079102
2017-09-11,146.009994506836,149.380004882812,145.369995117188,149.179992675781,3024700,128.706588745117
2017-09-12,149.850006103516,151.419998168945,149.080001831055,149.279998779297,2061200,128.792846679688
2017-09-13,149.009994506836,149.559997558594,148.520004272461,149.199996948242,1540700,128.723846435547
2017-09-14,149.610000610352,150.449996948242,148.770004272461,150.070007324219,1558800,129.47444152832
2017-09-15,150.020004272461,150.360000610352,149.479995727539,150.130004882812,1750600,129.526229858398
2017-09-18,150.149993896484,150.949996948242,149.679992675781,150.949996948242,2531000,130.233657836914
2017-09-19,150.910003662109,151.300003051758,150.080001831055,150.5,2621900,129.845397949219
2017-09-20,150.830001831055,151.139999389648,150.059997558594,150.979995727539,2491400,130.259536743164
2017-09-21,150.740005493164,151.470001220703,150.25,151.050003051758,1587000,130.319946289062
2017-09-22,151,151.220001220703,150.160003662109,150.259994506836,2424600,129.638381958008
2017-09-25,150.300003051758,151.580001831055,149.940002441406,151.529998779297,1273500,130.734085083008
2017-09-26,151.770004272461,151.979995727539,150.899993896484,150.979995727539,698100,130.259536743164
2017-09-27,151.300003051758,151.580001831055,150.100006103516,151.320007324219,942100,130.55290222168
2017-09-28,151.449996948242,152.259994506836,151.179992675781,151.339996337891,1089200,130.57014465332
2017-09-29,151.5,151.600006103516,150.460006713867,151.220001220703,971200,130.466598510742
2017-10-02,151.039993286133,152.759994506836,150.550003051758,152.199996948242,1081000,131.312133789062
2017-10-03,152.539993286133,153.490005493164,151.720001220703,153.190002441406,791200,132.166229248047
2017-10-04,153.050003051758,153.570007324219,152.729995727539,152.899993896484,774800,131.916076660156
2017-10-05,153.229995727539,153.339996337891,152.429992675781,153.309997558594,807000,132.269821166992
2017-10-06,152.360000610352,153.330001831055,152.020004272461,153.300003051758,1315000,133.085845947266
2017-10-09,153.360000610352,153.360000610352,152.559997558594,152.740005493164,690800,132.599685668945
2017-10-10,152.809997558594,153.279998779297,152.169998168945,153.190002441406,1068100,132.990310668945
2017-10-11,153.169998168945,153.169998168945,151.929992675781,152.929992675781,696400,132.764663696289
2017-10-12,152.570007324219,153.399993896484,152.490005493164,153.339996337891,588000,133.120529174805
2017-10-13,153.5,154.410003662109,153.410003662109,153.460006713867,1388000,133.224746704102
2017-10-16,153.889999389648,154.259994506836,152.25,153.220001220703,926600,133.016403198242
2017-10-17,153.679992675781,153.949996948242,152.800003051758,153.470001220703,585700,133.233474731445
2017-10-18,153.589996337891,153.820007324219,152.050003051758,153.199996948242,1114600,132.999008178711
2017-10-19,152.820007324219,153.229995727539,152.020004272461,152.860000610352,929200,132.703842163086
2017-10-20,153.649993896484,154.740005493164,153.600006103516,154.220001220703,812200,133.884536743164
2017-10-23,154.149993896484,154.410003662109,153.25,153.600006103516,883600,133.346313476562
2017-10-24,153.470001220703,154.270004272461,153.470001220703,153.850006103516,802000,133.56330871582
2017-10-25,153.880004882812,154.820007324219,153.179992675781,154.589996337891,1694800,134.205718994141
2017-10-26,159.850006103516,161.960006713867,158.619995117188,161.389999389648,2326500,140.109130859375
2017-10-27,161.300003051758,162.860000610352,160.720001220703,160.880004882812,1047600,139.666320800781
2017-10-30,160.960006713867,161.119995117188,159.440002441406,159.949996948242,852100,138.858963012695
2017-10-31,160.779998779297,160.779998779297,159.190002441406,159.429992675781,866100,138.407531738281
2017-11-01,159.690002441406,160.639999389648,158.529998779297,159.919998168945,899400,138.832931518555
2017-11-02,160.190002441406,160.779998779297,158.169998168945,159.410003662109,881700,138.390167236328
2017-11-03,159.679992675781,159.679992675781,158.380004882812,159.25,460700,138.25129699707
2017-11-06,159.479995727539,159.960006713867,158.570007324219,158.800003051758,434700,137.860610961914
2017-11-07,159.380004882812,159.979995727539,158.970001220703,159.770004272461,638600,138.702713012695
2017-11-08,159.779998779297,161.100006103516,159.710006713867,160.940002441406,672600,139.718414306641
2017-11-09,160.020004272461,162.309997558594,159.669998168945,160.550003051758,1257100,139.379852294922
2017-11-10,160.199996948242,160.940002441406,159.809997558594,160.300003051758,585300,139.162841796875
2017-11-13,162.529998779297,163.559997558594,161.360000610352,162.759994506836,1935100,141.298416137695
2017-11-14,161.770004272461,162.270004272461,161.009994506836,162.149993896484,1232100,140.768844604492
2017-11-15,161.259994506836,161.630004882812,160.240005493164,160.860000610352,770300,139.649002075195
2017-11-16,161.100006103516,161.979995727539,160.869995117188,161.179992675781,1206100,139.926773071289
2017-11-17,160.830001831055,162.369995117188,160.350006103516,161.580001831055,923300,140.274047851562
2017-11-20,161.550003051758,162.490005493164,161.259994506836,161.570007324219,695900,140.265380859375
2017-11-21,162.100006103516,162.679992675781,161.759994506836,162.289993286133,474000,140.890411376953
2017-11-22,162.589996337891,162.589996337891,161.550003051758,161.619995117188,455300,140.308731079102
2017-11-24,161.889999389648,162.600006103516,161.149993896484,161.559997558594,295600,140.256683349609
2017-11-27,161.779998779297,161.929992675781,160.809997558594,160.940002441406,819500,139.718414306641
2017-11-28,160.889999389648,163.270004272461,160.830001831055,163.240005493164,826100,141.715133666992
2017-11-29,163.080001831055,163.320007324219,162,162.619995117188,618200,141.176910400391
2017-11-30,163.330001831055,164.649993896484,162.580001831055,163.039993286133,1275500,141.541534423828
2017-12-01,163.289993286133,163.570007324219,160.839996337891,161.639999389648,749000,140.326141357422
2017-12-04,162.190002441406,164.360000610352,161.949996948242,162.399993896484,864700,140.985931396484
2017-12-05,162.509994506836,162.880004882812,160.990005493164,161.979995727539,581600,140.62126159668
2017-12-06,161.080001831055,161.800003051758,160.100006103516,160.419998168945,815400,139.267028808594
2017-12-07,160.009994506836,161.149993896484,159.899993896484,160.979995727539,1090100,139.753143310547
2017-12-08,161.300003051758,161.479995727539,160.199996948242,160.919998168945,1010200,139.701049804688
2017-12-11,163.369995117188,163.619995117188,162.520004272461,163.119995117188,1233000,141.610977172852
2017-12-12,163.360000610352,163.360000610352,162.429992675781,162.889999389648,710900,141.41130065918
2017-12-13,163.100006103516,163.399993896484,161.929992675781,162.490005493164,860000,141.064025878906
2017-12-14,162.169998168945,162.470001220703,160.509994506836,160.529998779297,702200,139.362503051758
2017-12-15,161.509994506836,161.630004882812,160.009994506836,160.419998168945,1799800,139.267028808594
2017-12-18,160.559997558594,162.419998168945,160.490005493164,162.139999389648,1057200,140.760177612305
2017-12-19,162.169998168945,163.169998168945,161.779998779297,162.520004272461,957100,141.090103149414
2017-12-20,163.369995117188,163.710006713867,162.580001831055,162.830001831055,583400,141.35920715332
2017-12-21,163.229995727539,163.490005493164,162.350006103516,163.160003662109,581200,141.645706176758
2017-12-22,163.479995727539,163.600006103516,163.029998779297,163.419998168945,833800,141.871398925781
2017-12-26,163.470001220703,163.470001220703,162.419998168945,163,626400,141.506774902344
2017-12-27,163.449996948242,163.889999389648,162.910003662109,163.669998168945,936400,142.088439941406
2017-12-28,164.190002441406,164.779998779297,163.5,164.619995117188,711300,142.913162231445
2017-12-29,164.039993286133,164.669998168945,163.820007324219,164.080001831055,835000,143.271194458008
2018-01-02,164.880004882812,165.539993286133,163.800003051758,165.509994506836,1051900,144.519805908203
2018-01-03,165.559997558594,166.619995117188,165,166.410003662109,798200,145.305709838867
2018-01-04,167.309997558594,167.850006103516,166.679992675781,167.050003051758,932400,145.864532470703
2018-01-05,167.960006713867,168.970001220703,167.089996337891,168.449996948242,742200,147.086990356445
2018-01-08,168.259994506836,168.809997558594,167.119995117188,168.630004882812,802100,147.244125366211
2018-01-09,169.070007324219,170.490005493164,168.380004882812,169.059997558594,834500,147.61962890625
2018-01-10,169.080001831055,169.190002441406,167.770004272461,168.350006103516,902700,146.999664306641
2018-01-11,169.039993286133,170.529998779297,168.759994506836,169.970001220703,695200,148.414215087891
2018-01-12,170,170.309997558594,168.919998168945,170.149993896484,648700,148.571395874023
2018-01-16,171.429992675781,171.490005493164,165.759994506836,166.75,1115500,145.602600097656
2018-01-17,168.25,169.160003662109,167.199996948242,168.559997558594,806400,147.183044433594
2018-01-18,167.800003051758,168.990005493164,166.25,166.899993896484,1032500,145.733551025391
2018-01-19,167,167.979995727539,166.759994506836,167.800003051758,1057400,146.519409179688
2018-01-22,167.639999389648,168.679992675781,166.550003051758,168.600006103516,976800,147.217987060547
2018-01-23,167.990005493164,169.710006713867,167.649993896484,169.600006103516,1058600,148.091125488281
2018-01-24,169.75,171.110000610352,169.740005493164,170.809997558594,877700,149.147659301758
2018-01-25,171.690002441406,175.169998168945,171.690002441406,174,2585900,151.933151245117
2018-01-26,164.229995727539,171.279998779297,162.690002441406,169.850006103516,2700900,148.309432983398
2018-01-29,166.949996948242,170.309997558594,165.960006713867,166.669998168945,2032500,145.532669067383
2018-01-30,166.699996948242,168.929992675781,165.889999389648,168.300003051758,1790600,146.956024169922
2018-01-31,168.979995727539,169.339996337891,167.169998168945,168.369995117188,1867800,147.017120361328
2018-02-01,167.210006713867,168.300003051758,165.350006103516,166.789993286133,1477000,145.637512207031
2018-02-02,166.399993896484,166.399993896484,162.580001831055,162.839996337891,1356900,142.1884765625
2018-02-05,162.410003662109,163.539993286133,155.550003051758,156.330001831055,1707500,136.50407409668
2018-02-06,154.350006103516,160.789993286133,153.509994506836,160.220001220703,2396600,139.900726318359
2018-02-07,159.589996337891,161.830001831055,158.110000610352,158.210006713867,1650000,138.145614624023
2018-02-08,158.110000610352,158.649993896484,152.710006713867,152.800003051758,1218700,133.421722412109
2018-02-09,155.160003662109,159.009994506836,152.880004882812,158.089996337891,1787000,138.04084777832
2018-02-12,159.039993286133,160.699996948242,158.350006103516,159.679992675781,1266300,139.429183959961
2018-02-13,159.270004272461,160.059997558594,157.639999389648,159.440002441406,1189300,139.219635009766
2018-02-14,157.869995117188,161.669998168945,157.490005493164,161.270004272461,1115500,140.817565917969
2018-02-15,162.009994506836,164.039993286133,160,163.600006103516,1092700,142.85205078125
2018-02-16,163.169998168945,164.419998168945,161.919998168945,163.630004882812,1194900,142.878219604492
2018-02-20,162.820007324219,164.009994506836,162.309997558594,162.910003662109,1248700,142.249542236328
2018-02-21,163.059997558594,164.880004882812,160.710006713867,160.759994506836,711700,140.372207641602
2018-02-22,161.610000610352,163.520004272461,160.710006713867,162.570007324219,771900,141.952713012695
2018-02-23,163.779998779297,164.309997558594,162.800003051758,164.270004272461,632600,143.437072753906
2018-02-26,164.490005493164,165.839996337891,163.570007324219,165.440002441406,891700,144.458694458008
2018-02-27,165.740005493164,166.470001220703,163.610000610352,163.610000610352,757200,142.860778808594
2018-02-28,163.720001220703,164.970001220703,160.75,160.789993286133,816400,140.398406982422
2018-03-01,160.690002441406,161.570007324219,159.169998168945,160.830001831055,1453100,140.433380126953
2018-03-02,160.259994506836,160.589996337891,157.919998168945,159.770004272461,1560300,139.507797241211
2018-03-05,159.130004882812,163.619995117188,158.850006103516,163.279998779297,990500,142.572616577148
2018-03-06,163.550003051758,165.529998779297,161.990005493164,164.199996948242,771700,143.375961303711
2018-03-07,162.539993286133,165.009994506836,162.389999389648,164.529998779297,893700,143.664108276367
2018-03-08,166.059997558594,168.440002441406,165.029998779297,167.080001831055,1990700,145.890716552734
2018-03-09,168.410003662109,171.410003662109,167.639999389648,171.100006103516,1369900,149.400894165039
2018-03-12,171.130004882812,171.940002441406,170.199996948242,170.880004882812,1210500,149.208786010742
2018-03-13,172,172.389999389648,170.660003662109,170.929992675781,1533500,149.252410888672
2018-03-14,171.190002441406,171.419998168945,168.710006713867,168.979995727539,1374300,147.549758911133
2018-03-15,169.589996337891,169.970001220703,168.860000610352,169.080001831055,1091100,147.637115478516
2018-03-16,169.360000610352,170,168.100006103516,169.559997558594,1808000,148.056213378906
2018-03-19,168.75,168.929992675781,165.649993896484,166.679992675781,1935600,145.541442871094
2018-03-20,167.179992675781,167.929992675781,165.220001220703,165.660003662109,806800,144.650817871094
2018-03-21,165.539993286133,167.789993286133,164.740005493164,166.240005493164,879800,145.157241821289
2018-03-22,164.679992675781,165.279998779297,160.860000610352,161.190002441406,1101000,140.747680664062
2018-03-23,161.889999389648,161.889999389648,157.710006713867,158.039993286133,762400,137.997161865234
2018-03-26,160.179992675781,161.279998779297,158.509994506836,160.940002441406,793600,140.529418945312
2018-03-27,161.330001831055,161.839996337891,158.050003051758,158.630004882812,872100,138.512390136719
2018-03-28,159.759994506836,160.639999389648,157.610000610352,158.179992675781,1083400,138.119415283203
2018-03-29,157.710006713867,160.020004272461,157.149993896484,159.029998779297,1040500,139.834060668945
2018-04-02,158.949996948242,159.649993896484,155.199996948242,156.550003051758,1197400,137.653411865234
2018-04-03,157,159.449996948242,156.020004272461,159.279998779297,896600,140.05387878418
2018-04-04,157.089996337891,162.289993286133,155.839996337891,162.130004882812,1244200,142.55989074707
2018-04-05,162.770004272461,164.850006103516,162.300003051758,164.110000610352,874700,144.300872802734
2018-04-06,162.470001220703,163.320007324219,158.5,159.960006713867,797900,140.651824951172
2018-04-09,161.229995727539,162.119995117188,160.110000610352,160.229995727539,880100,140.889221191406
2018-04-10,162.029998779297,164.350006103516,161.479995727539,163.190002441406,742000,143.491912841797
2018-04-11,161.839996337891,162.169998168945,160.419998168945,161.610000610352,826400,142.102630615234
2018-04-12,162.220001220703,163.850006103516,162.130004882812,163.039993286133,545200,143.360015869141
2018-04-13,164.220001220703,164.669998168945,162.380004882812,162.970001220703,570300,143.298477172852
2018-04-16,164.550003051758,165.600006103516,163.860000610352,165.429992675781,707400,145.461532592773
2018-04-17,166.5,168.880004882812,165.669998168945,168.139999389648,782800,147.844390869141
2018-04-18,168.880004882812,169.149993896484,167.990005493164,168.369995117188,683100,148.046661376953
2018-04-19,167.949996948242,168.350006103516,165.309997558594,166.800003051758,711800,146.666168212891
2018-04-20,166.610000610352,166.970001220703,164.809997558594,166.270004272461,549300,146.200088500977
2018-04-23,166.029998779297,166.710006713867,165.160003662109,166.110000610352,585400,146.059463500977
2018-04-24,166.559997558594,167.229995727539,161.809997558594,164,948800,144.204132080078
2018-04-25,164.350006103516,165.699996948242,162.919998168945,165.570007324219,1230900,145.58464050293
2018-04-26,164.580001831055,167.139999389648,161.699996948242,166.289993286133,1744800,146.217742919922
2018-04-27,166.149993896484,167,163.479995727539,165.020004272461,1031700,145.101028442383
2018-04-30,165.940002441406,166.119995117188,162.259994506836,162.289993286133,998200,142.700531005859
2018-05-01,161.440002441406,162.520004272461,159.490005493164,162.490005493164,1225700,142.876449584961
2018-05-02,162.610000610352,163.229995727539,161.220001220703,161.690002441406,1057700,142.173004150391
2018-05-03,161.389999389648,161.779998779297,159.070007324219,160.429992675781,1142200,141.065048217773
2018-05-04,159.850006103516,163.440002441406,159.210006713867,162.759994506836,1038300,143.113815307617
2018-05-07,162.970001220703,164.619995117188,162.850006103516,163.449996948242,1068300,143.720550537109
2018-05-08,163.649993896484,164.100006103516,162.529998779297,163.509994506836,812700,143.773254394531
2018-05-09,164.320007324219,165.119995117188,163.210006713867,164.889999389648,760700,144.986694335938
2018-05-10,165.130004882812,166.059997558594,164.770004272461,165.589996337891,1024100,145.602249145508
2018-05-11,166.130004882812,167.5,165.690002441406,166.289993286133,1035400,146.217742919922
2018-05-14,166.270004272461,167.949996948242,165.679992675781,166.759994506836,964400,146.630981445312
2018-05-15,166.130004882812,166.559997558594,164.669998168945,166.080001831055,1181400,146.033081054688
2018-05-16,166.449996948242,167.809997558594,165.940002441406,166.539993286133,935300,146.437530517578
2018-05-17,165.789993286133,167.429992675781,165.729995727539,166.770004272461,781500,146.639801025391
2018-05-18,166.770004272461,168.839996337891,166.679992675781,168.240005493164,1017500,147.932357788086
2018-05-21,168.949996948242,170.289993286133,168.410003662109,169.440002441406,886600,148.98747253418
2018-05-22,169.729995727539,170.229995727539,167.520004272461,167.710006713867,864000,147.46630859375
2018-05-23,166.649993896484,167.309997558594,165.130004882812,166.990005493164,840900,146.833251953125
2018-05-24,167,167.210006713867,165.029998779297,166.089996337891,591700,146.041870117188
2018-05-25,165.600006103516,165.809997558594,164.240005493164,165,607300,145.083419799805
2018-05-29,163.740005493164,164.210006713867,160.919998168945,161.800003051758,735300,142.269744873047
2018-05-30,163.080001831055,163.570007324219,162.199996948242,163.029998779297,602300,143.351226806641
2018-05-31,162.679992675781,163.179992675781,161.050003051758,161.410003662109,1293300,141.9267578125
2018-06-01,162.729995727539,163.809997558594,162.699996948242,163.539993286133,578900,143.799682617188
2018-06-04,164.309997558594,164.820007324219,163.070007324219,163.529998779297,637200,143.790878295898
2018-06-05,163.589996337891,165.039993286133,163.529998779297,164.869995117188,734600,144.969116210938
2018-06-06,165.160003662109,167.820007324219,164.639999389648,167.729995727539,1169300,147.48388671875
2018-06-07,167.509994506836,168,166.399993896484,167.720001220703,1102600,147.475128173828
2018-06-08,167.729995727539,168.660003662109,166.580001831055,168.509994506836,764100,148.169769287109
2018-06-11,168.649993896484,169.470001220703,168.020004272461,168.440002441406,852300,148.108215332031
2018-06-12,168.460006713867,169.449996948242,167.610000610352,168,1150200,147.721328735352
2018-06-13,168.389999389648,168.490005493164,164.75,166.089996337891,1074800,146.041870117188
2018-06-14,166.490005493164,166.960006713867,165.100006103516,165.720001220703,706800,145.716537475586
2018-06-15,165.190002441406,165.190002441406,162.639999389648,164.179992675781,1810400,144.362426757812
2018-06-18,162.919998168945,163.369995117188,161.929992675781,163.339996337891,887300,143.623764038086
2018-06-19,161.020004272461,161.179992675781,159.279998779297,159.550003051758,1279700,140.291305541992
2018-06-20,159.830001831055,159.830001831055,157.029998779297,157.580001831055,1352500,138.559097290039
2018-06-21,157.600006103516,157.610000610352,155.410003662109,156.470001220703,1542100,137.583023071289
2018-06-22,157.720001220703,158.740005493164,157.009994506836,158.080001831055,1258700,138.998733520508
2018-06-25,157.600006103516,157.720001220703,154.669998168945,155.759994506836,1175100,136.958755493164
2018-06-26,155.830001831055,157.160003662109,155.660003662109,155.860000610352,829400,137.046691894531
2018-06-27,156.479995727539,157.779998779297,155.130004882812,155.160003662109,889300,136.431198120117
2018-06-28,155.570007324219,156.690002441406,154.889999389648,156.029998779297,1180100,137.196166992188
2018-06-29,155.399993896484,158.289993286133,155.259994506836,155.729995727539,998800,137.904586791992
2018-07-02,155.070007324219,155.869995117188,154.289993286133,155.490005493164,1110100,137.69206237793
2018-07-03,156.550003051758,157.289993286133,154.779998779297,155,346800,137.258148193359
2018-07-05,156.190002441406,156.820007324219,155.240005493164,155.789993286133,1140600,137.957748413086
2018-07-06,155.460006713867,157.539993286133,154.759994506836,156.639999389648,718800,138.710433959961
2018-07-09,157.660003662109,158.470001220703,157.550003051758,157.889999389648,744100,139.817367553711
2018-07-10,157.860000610352,159.669998168945,157.649993896484,159.660003662109,718500,141.384735107422
2018-07-11,158.410003662109,158.610000610352,156.509994506836,157.410003662109,696300,139.392333984375
2018-07-12,157.940002441406,158.350006103516,156.940002441406,157.919998168945,732000,139.843887329102
2018-07-13,157.559997558594,158.240005493164,157.130004882812,157.330001831055,573100,139.321441650391
2018-07-16,156.949996948242,157.619995117188,155.479995727539,155.550003051758,674600,137.745193481445
2018-07-17,155.389999389648,156.509994506836,154.729995727539,156.199996948242,812800,138.32080078125
2018-07-18,156,156.800003051758,155.740005493164,155.940002441406,732100,138.090545654297
2018-07-19,155.100006103516,155.669998168945,154.240005493164,154.399993896484,1429800,136.726837158203
2018-07-20,153.520004272461,155.460006713867,153.009994506836,154.350006103516,2490300,136.682540893555
2018-07-23,154.380004882812,154.660003662109,153.529998779297,153.869995117188,1166500,136.25749206543
2018-07-24,155.449996948242,156.5,154.830001831055,155.289993286133,1932600,137.514953613281
2018-07-25,155.289993286133,157.470001220703,154.529998779297,157.300003051758,1348100,139.294860839844
2018-07-26,158.809997558594,162.949996948242,158.809997558594,161.550003051758,1715200,143.058395385742
2018-07-27,161.570007324219,162.669998168945,160.580001831055,161.240005493164,1252700,142.783920288086
2018-07-30,161.779998779297,163.649993896484,160.960006713867,161.229995727539,1055500,142.77507019043
2018-07-31,161.5,165.089996337891,161.300003051758,164.169998168945,1655200,145.378524780273
2018-08-01,163.929992675781,164.110000610352,161.190002441406,162.039993286133,1266700,143.492324829102
2018-08-02,160.899993896484,161,159.309997558594,159.990005493164,907300,141.677001953125
2018-08-03,160.979995727539,161.779998779297,159.639999389648,159.960006713867,903400,141.650466918945
2018-08-06,158.919998168945,161.559997558594,157.009994506836,160.960006713867,1031100,142.535980224609
2018-08-07,161.320007324219,162.149993896484,160.779998779297,160.919998168945,740400,142.500534057617
2018-08-08,161.270004272461,161.820007324219,160.100006103516,160.649993896484,573600,142.261444091797
2018-08-09,160.639999389648,161.75,160.25,160.479995727539,588100,142.110916137695
2018-08-10,159.910003662109,159.940002441406,157.350006103516,157.869995117188,923800,139.79963684082
2018-08-13,162.199996948242,165.240005493164,161.309997558594,162.440002441406,1862400,143.846572875977
2018-08-14,162.899993896484,165.779998779297,162.779998779297,164.330001831055,1617700,145.520217895508
2018-08-15,163.119995117188,164.520004272461,161.789993286133,164.210006713867,1381400,145.413955688477
2018-08-16,164.929992675781,165.419998168945,164.080001831055,164.720001220703,1169200,145.865570068359
2018-08-17,164.289993286133,166.639999389648,164.059997558594,166.610000610352,1290400,147.539245605469
2018-08-20,166.300003051758,167.860000610352,166.300003051758,166.990005493164,1342700,147.875747680664
2018-08-21,167.600006103516,167.720001220703,165.990005493164,166.100006103516,892400,147.087646484375
2018-08-22,166.119995117188,166.119995117188,164.289993286133,164.360000610352,842800,145.546783447266
2018-08-23,164.350006103516,164.649993896484,163.600006103516,164.419998168945,672800,145.59992980957
2018-08-24,164.789993286133,166.490005493164,164.179992675781,165.970001220703,512800,146.97248840332
2018-08-27,166.529998779297,167.779998779297,166.089996337891,167.289993286133,650000,148.141403198242
2018-08-28,167.419998168945,168.110000610352,166.380004882812,167.009994506836,706700,147.893447875977
2018-08-29,168.360000610352,169,166.029998779297,168.289993286133,801300,149.026916503906
2018-08-30,167.559997558594,168.279998779297,165.869995117188,166.729995727539,583000,147.645477294922
2018-08-31,166.75,167.440002441406,165.830001831055,166.289993286133,762100,147.255889892578
2018-09-04,166.110000610352,166.360000610352,163.419998168945,164.339996337891,925800,145.529037475586
2018-09-05,164.559997558594,166.270004272461,164.199996948242,165.389999389648,840100,146.458892822266
2018-09-06,165.300003051758,166.399993896484,164.580001831055,166.059997558594,598700,147.052200317383
2018-09-07,165.649993896484,165.850006103516,163.949996948242,164.850006103516,641100,145.980697631836
2018-09-10,165.850006103516,166.759994506836,165.110000610352,166.059997558594,568200,147.052200317383
2018-09-11,165.600006103516,167.649993896484,165.339996337891,166.639999389648,620500,147.565811157227
2018-09-12,166.360000610352,167.050003051758,165.720001220703,166.240005493164,459900,147.211639404297
2018-09-13,167.039993286133,168.009994506836,166.539993286133,167.630004882812,515500,148.442504882812
2018-09-14,168.289993286133,170,167.830001831055,168.610000610352,823800,149.310302734375
2018-09-17,168.509994506836,169.350006103516,167.020004272461,168.75,731200,149.434280395508
2018-09-18,169.220001220703,169.720001220703,168.259994506836,168.690002441406,612600,149.381164550781
2018-09-19,169.449996948242,170.770004272461,168.830001831055,169.169998168945,1047000,149.806228637695
2018-09-20,169.600006103516,171.330001831055,169.589996337891,170.419998168945,666100,150.913131713867
2018-09-21,171.169998168945,171.660003662109,170.179992675781,170.610000610352,2393200,151.081405639648
2018-09-24,170.490005493164,171.020004272461,169.179992675781,169.850006103516,791000,150.408401489258
2018-09-25,169.869995117188,170.139999389648,168.539993286133,168.839996337891,498700,149.51399230957
2018-09-26,168.649993896484,169.029998779297,167.360000610352,167.800003051758,913900,148.593032836914
2018-09-27,168.139999389648,169.330001831055,167.589996337891,168.520004272461,763200,149.230590820312
2018-09-28,167,167.720001220703,166.169998168945,167.050003051758,884700,148.900802612305
2018-10-01,168.070007324219,169.800003051758,167.940002441406,169.429992675781,595600,151.022232055664
2018-10-02,169.699996948242,170.389999389648,169.119995117188,170.220001220703,661400,151.726409912109
2018-10-03,170.75,171.550003051758,169.5,169.729995727539,816100,151.289672851562
2018-10-04,169.059997558594,169.899993896484,167.839996337891,169.699996948242,772500,151.262908935547
2018-10-05,169.360000610352,170.509994506836,168.25,168.880004882812,837000,150.531982421875
2018-10-08,168.479995727539,169.479995727539,168.070007324219,169.279998779297,864100,150.888519287109
2018-10-09,168.619995117188,168.619995117188,163.800003051758,164.320007324219,1051000,146.467422485352
2018-10-10,164.529998779297,164.910003662109,160.470001220703,160.600006103516,1234900,143.151580810547
2018-10-11,160.529998779297,161.339996337891,157,157.089996337891,1075000,140.022918701172
2018-10-12,159.309997558594,159.539993286133,157.360000610352,158.270004272461,1195400,141.07470703125
2018-10-15,157.940002441406,158.850006103516,156.649993896484,156.699996948242,817300,139.675247192383
2018-10-16,157.100006103516,159.789993286133,156.259994506836,159.690002441406,970400,142.340438842773
2018-10-17,159.600006103516,160.539993286133,158.649993896484,159.479995727539,730200,142.153228759766
2018-10-18,159.970001220703,160.520004272461,155.910003662109,156.690002441406,988400,139.666366577148
2018-10-19,156.740005493164,157.880004882812,155.119995117188,155.399993896484,935700,138.516525268555
2018-10-22,156,156.309997558594,153.220001220703,153.300003051758,1545100,136.644683837891
2018-10-23,151.229995727539,152.860000610352,148.630004882812,152.039993286133,1345200,135.521591186523
2018-10-24,151.639999389648,153.220001220703,148.669998168945,148.910003662109,1933000,132.731597900391
2018-10-25,150.479995727539,153.059997558594,149.509994506836,151.479995727539,1293800,135.022445678711
2018-10-26,149.740005493164,150.869995117188,148.440002441406,149.429992675781,2298600,133.19514465332
2018-10-29,151.330001831055,153.490005493164,149.419998168945,150.960006713867,1417000,134.558944702148
2018-10-30,151.059997558594,154.289993286133,150.509994506836,153.779998779297,1774500,137.072540283203
2018-10-31,154.960006713867,156.479995727539,154.339996337891,154.350006103516,1490700,137.580596923828
2018-11-01,155.25,156.789993286133,153.559997558594,155.369995117188,1466800,138.48974609375
2018-11-02,157.199996948242,158.059997558594,154.389999389648,155.839996337891,1427300,138.908737182617
2018-11-05,156.320007324219,158.380004882812,155.600006103516,157.369995117188,1467100,140.272506713867
2018-11-06,155.410003662109,158.279998779297,151.850006103516,158.089996337891,1813800,140.914276123047
2018-11-07,159.259994506836,161.190002441406,157.279998779297,160.979995727539,1068000,143.490264892578
2018-11-08,160.649993896484,161.860000610352,159.770004272461,161.25,954300,143.730972290039
2018-11-09,160.410003662109,160.440002441406,157.949996948242,159.899993896484,797600,142.527603149414
2018-11-12,159.860000610352,160.559997558594,157.179992675781,157.490005493164,719700,140.379440307617
2018-11-13,157.929992675781,160.429992675781,157.220001220703,158.050003051758,920300,140.878616333008
2018-11-14,158.809997558594,160.820007324219,156.800003051758,157.210006713867,1018500,140.129867553711
2018-11-15,156.080001831055,162.110000610352,155.899993896484,160.639999389648,1299000,143.187225341797
2018-11-16,160.039993286133,164.570007324219,160.039993286133,163.860000610352,1370800,146.057373046875
2018-11-19,163.509994506836,165.490005493164,159.389999389648,159.889999389648,1602200,142.51872253418
2018-11-20,158.929992675781,159.610000610352,157.309997558594,157.559997558594,1312600,140.441864013672
2018-11-21,158.690002441406,160.850006103516,157.820007324219,159.179992675781,862900,141.885848999023
2018-11-23,157.399993896484,158.630004882812,157.270004272461,157.490005493164,310300,140.379440307617
2018-11-26,158.669998168945,159.589996337891,157.059997558594,158.580001831055,867000,141.351013183594
2018-11-27,157.75,158.75,155.429992675781,156.270004272461,1144500,139.292007446289
2018-11-28,157.059997558594,158.679992675781,154.110000610352,158.660003662109,1124900,141.422332763672
2018-11-29,158.389999389648,160.330001831055,158.389999389648,159.210006713867,860600,141.912582397461
2018-11-30,158.710006713867,160.970001220703,158.580001831055,160.869995117188,1153100,143.392211914062
2018-12-03,163.759994506836,167,162.759994506836,166.619995117188,1856300,148.517501831055
2018-12-04,165.589996337891,166.720001220703,162.339996337891,163.919998168945,1824200,146.110870361328
2018-12-06,161.369995117188,162.160003662109,156.850006103516,161.369995117188,1826700,143.837905883789
2018-12-07,161.479995727539,164.179992675781,156.740005493164,157.160003662109,1169400,140.085296630859
2018-12-10,157.779998779297,157.929992675781,154.460006713867,157.080001831055,1038000,140.014007568359
2018-12-11,159.440002441406,160.649993896484,155.149993896484,155.929992675781,975500,138.98893737793
2018-12-12,158.220001220703,159.389999389648,156.580001831055,157.710006713867,1159200,140.575576782227
2018-12-13,158.029998779297,159.470001220703,156.929992675781,157.279998779297,1153200,140.192291259766
2018-12-14,155.979995727539,157,154.039993286133,155.410003662109,996600,138.525436401367
2018-12-17,155.669998168945,158.25,152.710006713867,153.809997558594,1756000,137.099243164062
2018-12-18,155.059997558594,157.149993896484,153.990005493164,154.759994506836,1403900,137.946029663086
2018-12-19,154.789993286133,158.820007324219,153.429992675781,154.100006103516,1596500,137.357772827148
2018-12-20,153.970001220703,158.240005493164,153.119995117188,154.539993286133,2107900,137.749954223633
2018-12-21,154.539993286133,159.449996948242,153.830001831055,155.190002441406,3393600,138.329330444336
2018-12-24,154.690002441406,154.929992675781,149.679992675781,149.880004882812,880200,133.596267700195
2018-12-26,150.570007324219,156.979995727539,149.639999389648,156.919998168945,1218800,139.871398925781
2018-12-27,155,159.770004272461,154.039993286133,159.75,1386800,142.393890380859
2018-12-28,160.880004882812,162.770004272461,159.309997558594,160.699996948242,1324400,143.240692138672
2018-12-31,159.949996948242,160.960006713867,158.759994506836,160.050003051758,1065400,143.644561767578
2019-01-02,157.389999389648,160.770004272461,155.910003662109,159.589996337891,956900,143.231719970703
2019-01-03,159.139999389648,159.190002441406,154.289993286133,155.309997558594,1114800,139.39045715332
2019-01-04,158.070007324219,161.910003662109,157.389999389648,161.610000610352,1082200,145.044692993164
2019-01-07,161.559997558594,163.419998168945,159.809997558594,159.929992675781,1349500,143.536926269531
2019-01-08,158.350006103516,160.639999389648,156.559997558594,158.089996337891,2100300,141.885482788086
2019-01-09,157.399993896484,158.25,154.970001220703,156.789993286133,2292400,140.718719482422
2019-01-10,156.550003051758,157.350006103516,155.339996337891,157.199996948242,1502000,141.086730957031
2019-01-11,156.809997558594,157.509994506836,155.559997558594,156.789993286133,1047300,140.718719482422
2019-01-14,155.759994506836,156.309997558594,154.149993896484,155.119995117188,1047900,139.21989440918
2019-01-15,154.369995117188,155.399993896484,153.630004882812,155.080001831055,845700,139.184005737305
2019-01-16,155.070007324219,155.779998779297,154,154.619995117188,1151600,138.77116394043
2019-01-17,154.190002441406,156,154.100006103516,155.979995727539,1898900,139.991729736328
2019-01-18,157.009994506836,159.350006103516,156.259994506836,158.619995117188,1447300,142.36116027832
2019-01-22,157.869995117188,158.490005493164,156.809997558594,157.710006713867,982900,141.544448852539
2019-01-23,157.729995727539,158.399993896484,155.039993286133,156.149993896484,1358800,140.144302368164
2019-01-24,155.470001220703,156.809997558594,154.779998779297,156.5,1007800,140.458480834961
2019-01-25,160,161.899993896484,158,160.910003662109,2060000,144.416427612305
2019-01-28,160.669998168945,161.089996337891,158.729995727539,159.889999389648,1364400,143.500991821289
2019-01-29,160.419998168945,163.419998168945,160.419998168945,163.240005493164,1354500,146.507583618164
2019-01-30,163.729995727539,165,161.970001220703,163.979995727539,1037800,147.171752929688
2019-01-31,161.770004272461,165.520004272461,161.059997558594,164.389999389648,1305600,147.53971862793
2019-02-01,165,166.860000610352,163.809997558594,165.889999389648,1102100,148.885955810547
2019-02-04,165.75,166.889999389648,164.970001220703,166.880004882812,754600,149.774505615234
2019-02-05,167.529998779297,168.160003662109,166.679992675781,167.919998168945,1140500,150.707901000977
2019-02-06,168.009994506836,169.929992675781,167,169.910003662109,1533500,152.493927001953
2019-02-07,169.600006103516,169.839996337891,164.990005493164,166.220001220703,1157400,149.182098388672
2019-02-08,165.160003662109,165.899993896484,163.529998779297,165.899993896484,855400,148.894958496094
2019-02-11,166.240005493164,167.690002441406,165.850006103516,167.539993286133,1206500,150.366821289062
2019-02-12,169.259994506836,171.470001220703,168.619995117188,171.320007324219,1462300,153.759384155273
2019-02-13,172,173.399993896484,171.440002441406,171.970001220703,1095200,154.3427734375
2019-02-14,170.919998168945,172.119995117188,169.889999389648,171.619995117188,882500,154.028594970703
2019-02-15,173.460006713867,174.339996337891,172.990005493164,174.080001831055,1326300,156.236480712891
2019-02-19,173.279998779297,175.940002441406,173,175.110000610352,1074600,157.160888671875
2019-02-20,175.300003051758,178.580001831055,174.619995117188,177.639999389648,1789100,159.431594848633
2019-02-21,177.529998779297,178.820007324219,177.529998779297,178.669998168945,1243700,160.356002807617
2019-02-22,179.820007324219,180.720001220703,179.240005493164,180.119995117188,1401400,161.657363891602
2019-02-25,180.490005493164,182.25,179.910003662109,181.169998168945,1145600,162.599716186523
2019-02-26,181.119995117188,182.149993896484,180.639999389648,181.449996948242,821200,162.850982666016
2019-02-27,181.179992675781,182.070007324219,180.429992675781,181.600006103516,673800,162.985641479492
2019-02-28,181.300003051758,181.850006103516,180.179992675781,181.179992675781,1324200,162.608703613281
2019-03-01,182.460006713867,183.509994506836,179.179992675781,180.100006103516,1362800,161.639434814453
2019-03-04,181.130004882812,181.130004882812,178,180.699996948242,1018800,162.177917480469
2019-03-05,179.869995117188,181,179.179992675781,179.210006713867,796800,160.84065246582
2019-03-06,180.679992675781,181,179.300003051758,180.300003051758,802400,161.818939208984
2019-03-07,180.449996948242,180.690002441406,178.309997558594,179.649993896484,1059800,161.235549926758
2019-03-08,179.190002441406,181.539993286133,178.449996948242,181.360000610352,923900,162.770248413086
2019-03-11,182.210006713867,184.070007324219,181.25,183.949996948242,884200,165.094772338867
2019-03-12,184.419998168945,185.449996948242,183.929992675781,184.050003051758,820100,165.184539794922
2019-03-13,184.580001831055,186.259994506836,184.580001831055,185.100006103516,843500,166.126937866211
2019-03-14,184.5,185.649993896484,183.660003662109,185.210006713867,1012300,166.225616455078
2019-03-15,185.190002441406,186.789993286133,184.229995727539,184.850006103516,1558200,165.902557373047
2019-03-18,185.020004272461,185.710006713867,183.809997558594,185.369995117188,871400,166.369247436523
2019-03-19,186.440002441406,186.75,184.020004272461,184.899993896484,850800,165.947402954102
2019-03-20,184.970001220703,185.479995727539,183.679992675781,184.649993896484,944900,165.723022460938
2019-03-21,184.210006713867,187.479995727539,184.210006713867,187.190002441406,691800,168.002716064453
2019-03-22,186.029998779297,187.580001831055,185.979995727539,186.300003051758,1573500,167.203903198242
2019-03-25,186.350006103516,187,185.729995727539,185.919998168945,1178500,166.862838745117
2019-03-26,187.029998779297,187.220001220703,185.990005493164,187.160003662109,948600,167.975723266602
2019-03-27,187.399993896484,188.169998168945,186.229995727539,187.649993896484,1168400,168.415496826172
2019-03-28,188.720001220703,190.210006713867,187.809997558594,190.169998168945,1066400,170.67724609375
2019-03-29,189.080001831055,191.160003662109,188.940002441406,190.960006713867,1551100,172.438095092773
2019-04-01,192.149993896484,192.919998168945,190.389999389648,191.490005493164,1134700,172.916687011719
2019-04-02,191.300003051758,191.699996948242,189.149993896484,190.479995727539,1198700,172.004653930664
2019-04-03,191.860000610352,192.940002441406,190.330001831055,191.720001220703,1080800,173.124389648438
2019-04-04,192.190002441406,192.869995117188,190.419998168945,191.770004272461,852200,173.169509887695
2019-04-05,192.25,193.600006103516,191.619995117188,193.190002441406,769200,174.451812744141
2019-04-08,193.550003051758,194.300003051758,192.190002441406,193.029998779297,844100,174.30729675293
2019-04-09,191.929992675781,192.919998168945,191.089996337891,192.279998779297,600100,173.630035400391
2019-04-10,192.880004882812,193.190002441406,192.149993896484,193.039993286133,594300,174.316329956055
2019-04-11,192.490005493164,193.949996948242,191.479995727539,193.550003051758,765800,174.776870727539
2019-04-12,194.440002441406,195.360000610352,193.740005493164,194.160003662109,1349200,175.327713012695
2019-04-15,193.300003051758,194.119995117188,192.279998779297,193.929992675781,1209400,175.120025634766
2019-04-16,194.529998779297,197.330001831055,193.910003662109,197.100006103516,1156800,177.982528686523
2019-04-17,198.139999389648,198.660003662109,197.119995117188,197.75,1091000,178.569519042969
2019-04-18,198.070007324219,198.330001831055,197.100006103516,198.100006103516,1322900,178.885559082031
2019-04-22,197.429992675781,197.800003051758,196.339996337891,196.619995117188,750900,177.549087524414
2019-04-23,196.589996337891,197.210006713867,195.669998168945,196.669998168945,992100,177.594284057617
2019-04-24,197.449996948242,201.970001220703,196.160003662109,199.419998168945,1741300,180.077545166016
2019-04-25,199.410003662109,200.029998779297,196.970001220703,199.600006103516,1118900,180.24006652832
2019-04-26,200.330001831055,203.410003662109,199.330001831055,202.570007324219,1055900,182.921981811523
2019-04-29,203,204.169998168945,202.419998168945,203.570007324219,928900,183.825042724609
2019-04-30,204.350006103516,206.070007324219,203.690002441406,205.789993286133,1425600,185.829681396484
2019-05-01,206.720001220703,206.940002441406,202.149993896484,202.149993896484,974500,182.542739868164
2019-05-02,202.460006713867,207.720001220703,201.399993896484,207.649993896484,1404500,187.509246826172
2019-05-03,207.5,209.860000610352,207.089996337891,209.580001831055,1268000,189.252105712891
2019-05-06,207.289993286133,207.529998779297,205.240005493164,205.990005493164,2010900,186.010269165039
2019-05-07,204.070007324219,204.429992675781,199.460006713867,201.169998168945,1556700,181.657760620117
2019-05-08,200.289993286133,206.399993896484,200.059997558594,205.309997558594,1500100,185.396224975586
2019-05-09,203,205.059997558594,200.649993896484,204.440002441406,1271200,184.610626220703
2019-05-10,204.199996948242,208.630004882812,203.669998168945,208.289993286133,1329400,188.087203979492
2019-05-13,203.800003051758,205.949996948242,201.699996948242,204.550003051758,1422400,184.709930419922
2019-05-14,205.389999389648,207.360000610352,204.779998779297,205.770004272461,1218500,185.811614990234
2019-05-15,203.889999389648,206.529998779297,203.220001220703,205.020004272461,920800,185.134323120117
2019-05-16,207.050003051758,209.759994506836,206.490005493164,209.429992675781,974200,189.116638183594
2019-05-17,208.570007324219,210.149993896484,207.860000610352,209.919998168945,1130600,189.559097290039
2019-05-20,208.919998168945,210.139999389648,205,205.410003662109,1391800,185.486526489258
2019-05-21,206.75,207.850006103516,205.429992675781,206.979995727539,1294900,186.904235839844
2019-05-22,206.300003051758,207.699996948242,205.279998779297,206.259994506836,976900,186.254043579102
2019-05-23,204.809997558594,205.369995117188,202.509994506836,204.210006713867,1065600,184.402938842773
2019-05-24,206.869995117188,206.869995117188,204.100006103516,204.490005493164,776000,184.65576171875
2019-05-28,205.220001220703,205.880004882812,202.089996337891,202.240005493164,2362700,182.6240234375
2019-05-29,200.710006713867,203.479995727539,200,202.979995727539,1183700,183.292205810547
2019-05-30,203.059997558594,204.339996337891,202.820007324219,204.240005493164,752000,184.43000793457
2019-05-31,202.470001220703,204.850006103516,201.770004272461,203.589996337891,926800,183.843048095703
2019-06-03,204.179992675781,208.960006713867,203.509994506836,208.960006713867,1815700,188.692199707031
2019-06-04,209.949996948242,213.679992675781,209.5,213.649993896484,1874700,192.927307128906
2019-06-05,214.899993896484,217.279998779297,212.639999389648,217.279998779297,1544000,196.20524597168
2019-06-06,217.820007324219,221.910003662109,216.190002441406,221.490005493164,1839900,200.006866455078
2019-06-07,221.940002441406,224.460006713867,221.770004272461,223.059997558594,1659000,201.424606323242
2019-06-10,224.289993286133,224.610000610352,221.070007324219,221.330001831055,1109900,199.862365722656
2019-06-11,222.990005493164,223.339996337891,218.130004882812,219.050003051758,1552900,197.803527832031
2019-06-12,219.289993286133,220.529998779297,219.029998779297,219.949996948242,1101000,198.616241455078
2019-06-13,220.550003051758,221.399993896484,218.910003662109,220.179992675781,921800,198.823913574219
2019-06-14,220.279998779297,220.399993896484,218.910003662109,219.25,721000,197.984161376953
2019-06-17,219.399993896484,219.490005493164,215.580001831055,216.869995117188,838000,195.835021972656
2019-06-18,218.380004882812,219.770004272461,217.089996337891,218.919998168945,941700,197.686157226562
2019-06-19,218.779998779297,220.630004882812,214.679992675781,220.389999389648,1342500,199.013595581055
2019-06-20,222.100006103516,222.850006103516,220.389999389648,222.050003051758,1397200,200.51252746582
2019-06-21,222.429992675781,223.910003662109,221.270004272461,222.139999389648,1542200,200.593856811523
2019-06-24,222.770004272461,225.279998779297,222.149993896484,223.639999389648,765100,201.948333740234
2019-06-25,224.199996948242,225.350006103516,223.580001831055,224.699996948242,926300,202.905532836914
2019-06-26,224.949996948242,224.979995727539,221.389999389648,223.929992675781,843700,202.210220336914
2019-06-27,224.369995117188,225.100006103516,222.929992675781,223.5,738700,201.821884155273
2019-06-28,223.479995727539,226.649993896484,222.610000610352,226.369995117188,1522000,205.480041503906
2019-07-01,227.509994506836,228.970001220703,225.110000610352,228.820007324219,810700,207.70393371582
2019-07-02,228.589996337891,230.270004272461,227.5,230.270004272461,729500,209.020095825195
2019-07-03,229.820007324219,231.449996948242,228.880004882812,231.399993896484,696600,210.045822143555
2019-07-05,229.600006103516,230.600006103516,227.630004882812,230.580001831055,569700,209.301498413086
2019-07-08,230.360000610352,230.490005493164,227.929992675781,228.309997558594,1006200,207.241012573242
2019-07-09,228.339996337891,228.339996337891,225.229995727539,226.050003051758,1124600,205.189529418945
2019-07-10,227.839996337891,228.490005493164,225.679992675781,226.259994506836,848600,205.380157470703
2019-07-11,225.5,227.759994506836,224.369995117188,227.759994506836,763100,206.741760253906
2019-07-12,226.520004272461,228.320007324219,225.360000610352,227.160003662109,653100,206.197128295898
2019-07-15,227.429992675781,228.199996948242,226.770004272461,227.660003662109,701900,206.650939941406
2019-07-16,227.669998168945,228.720001220703,226.949996948242,227.100006103516,599500,206.142684936523
2019-07-17,227.860000610352,228.110000610352,226.160003662109,226.429992675781,1000900,205.534469604492
2019-07-18,224.619995117188,226.220001220703,223.809997558594,225.539993286133,1160300,204.726623535156
2019-07-19,225.940002441406,226.889999389648,224.419998168945,224.529998779297,1245000,203.809814453125
2019-07-22,225.539993286133,226.419998168945,224.860000610352,226.009994506836,855500,205.153213500977
2019-07-23,226.699996948242,229.270004272461,225.539993286133,228.860000610352,939000,207.740249633789
2019-07-24,227.570007324219,228.539993286133,224.580001831055,224.860000610352,1106400,204.109329223633
2019-07-25,224,227.839996337891,219.580001831055,227.649993896484,1292400,206.641891479492
2019-07-26,227.720001220703,230.589996337891,226.110000610352,230.550003051758,2272400,209.274261474609
2019-07-29,230.660003662109,231.929992675781,229,231.190002441406,921600,209.855194091797
2019-07-30,230.330001831055,232.470001220703,229.25,231.809997558594,968200,210.417984008789
2019-07-31,230.910003662109,231.600006103516,225.410003662109,228.270004272461,2174000,207.204666137695
2019-08-01,226.259994506836,230.850006103516,225.5,226.369995117188,1486600,205.480041503906
2019-08-02,225.029998779297,225.059997558594,220.729995727539,222.839996337891,1011000,202.275772094727
2019-08-05,221.089996337891,222.490005493164,217.610000610352,220.059997558594,1369700,199.752288818359
2019-08-06,221,221.949996948242,218.009994506836,221.419998168945,851000,200.986785888672
2019-08-07,220.139999389648,223.990005493164,218.509994506836,223.470001220703,1030600,202.847640991211
2019-08-08,225.289993286133,229.070007324219,224.639999389648,227.979995727539,951900,206.941436767578
2019-08-09,228.350006103516,231.210006713867,227.639999389648,229.869995117188,1063300,208.657028198242
2019-08-12,229.309997558594,231.490005493164,226.880004882812,227.130004882812,906800,206.169891357422
2019-08-13,227.75,232.179992675781,226,229.669998168945,772500,208.475494384766
2019-08-14,226.699996948242,229.919998168945,222.5,222.589996337891,971600,202.048812866211
2019-08-15,223.580001831055,227.259994506836,222.679992675781,226.339996337891,1132200,205.452789306641
2019-08-16,227.179992675781,229.399993896484,225.960006713867,228.759994506836,713800,207.649459838867
2019-08-19,229.339996337891,230.339996337891,227.389999389648,228.570007324219,747900,207.476989746094
2019-08-20,226.649993896484,227.360000610352,225.050003051758,225.729995727539,592000,204.899078369141
2019-08-21,227.669998168945,228.940002441406,226.979995727539,228.639999389648,584400,207.540557861328
2019-08-22,228.589996337891,229.539993286133,224.960006713867,225.279998779297,733100,204.490585327148
2019-08-23,225.449996948242,225.830001831055,219.419998168945,220.639999389648,942300,200.278778076172
2019-08-26,222.550003051758,223.429992675781,221.830001831055,222.789993286133,641500,202.230361938477
2019-08-27,224.460006713867,225.899993896484,223.5,225.539993286133,644500,204.726623535156
2019-08-28,225.229995727539,226.600006103516,224,225.789993286133,489000,204.953536987305
2019-08-29,228.5,228.929992675781,224.029998779297,224.440002441406,948100,203.728118896484
2019-08-30,226.649993896484,226.649993896484,223.779998779297,225.919998168945,875100,205.071548461914
2019-09-03,223.970001220703,226.259994506836,223.690002441406,225.559997558594,728600,204.744750976562
2019-09-04,227.380004882812,228.380004882812,226.440002441406,227.419998168945,647200,206.43310546875
2019-09-05,228.960006713867,229.5,223.899993896484,224.570007324219,1233100,203.846145629883
2019-09-06,225.210006713867,226.259994506836,224.009994506836,225.589996337891,822900,204.771987915039
2019-09-09,225.949996948242,225.949996948242,214.820007324219,216.360000610352,1580100,196.393768310547
2019-09-10,216.270004272461,216.559997558594,211.990005493164,213.779998779297,2356400,194.051864624023
2019-09-11,213.020004272461,216.440002441406,210.369995117188,216.339996337891,1494100,196.375579833984
2019-09-12,218.229995727539,222.259994506836,217.830001831055,220.669998168945,1203500,200.306030273438
2019-09-13,220.660003662109,222.580001831055,219.970001220703,222.240005493164,1042500,201.73112487793
2019-09-16,221.960006713867,222.199996948242,215.149993896484,215.240005493164,1033800,195.377105712891
2019-09-17,216.869995117188,222.509994506836,215.460006713867,221.570007324219,1008900,201.122985839844
2019-09-18,222.179992675781,222.259994506836,219.550003051758,221.619995117188,546100,201.168350219727
2019-09-19,222.690002441406,224.190002441406,221.860000610352,222.279998779297,858200,201.767456054688
2019-09-20,223.330001831055,223.740005493164,220.070007324219,221.550003051758,1149400,201.10481262207
2019-09-23,220.240005493164,222.119995117188,219.729995727539,220.460006713867,632500,200.115432739258
2019-09-24,220.649993896484,222.850006103516,219.789993286133,220.410003662109,929600,200.070007324219
2019-09-25,219.789993286133,221.050003051758,218.710006713867,220.630004882812,573500,200.269729614258
2019-09-26,221.339996337891,224.309997558594,219.850006103516,223.289993286133,561300,202.684204101562
2019-09-27,224.229995727539,224.839996337891,219.880004882812,221.059997558594,509500,200.660034179688
2019-09-30,219.210006713867,222.100006103516,218.360000610352,221.860000610352,659500,202.448532104492
2019-10-01,222.529998779297,223,215.960006713867,216.479995727539,741700,197.539276123047
2019-10-02,213.660003662109,214,206.960006713867,210.470001220703,1362500,192.055114746094
2019-10-03,210.330001831055,212.279998779297,208.589996337891,210.830001831055,833000,192.383590698242
2019-10-04,212.130004882812,214.899993896484,211.580001831055,213.880004882812,770700,195.166748046875
2019-10-07,213.330001831055,215.899993896484,212.5,213.960006713867,727800,195.23974609375
2019-10-08,213.350006103516,213.350006103516,207.660003662109,207.759994506836,1025300,189.582214355469
2019-10-09,210.119995117188,212.660003662109,208.820007324219,211.740005493164,810100,193.213989257812
2019-10-10,212.440002441406,215.770004272461,211.770004272461,214.669998168945,741500,195.887619018555
2019-10-11,217.529998779297,219.860000610352,216.710006713867,217.289993286133,737600,198.278381347656
2019-10-14,216.589996337891,217.919998168945,213.740005493164,213.860000610352,650600,195.148483276367
2019-10-15,215.710006713867,216.759994506836,214.720001220703,215.220001220703,679400,196.38948059082
2019-10-16,215.039993286133,215.649993896484,213.5,214.210006713867,523900,195.467834472656
2019-10-17,214.259994506836,215.729995727539,214.179992675781,214.369995117188,463700,195.613876342773
2019-10-18,214.300003051758,215.649993896484,213.779998779297,214.880004882812,633100,196.07926940918
2019-10-21,215.720001220703,215.940002441406,213.300003051758,213.5,726300,194.820022583008
2019-10-22,213,213.630004882812,206.699996948242,206.970001220703,1482600,188.861343383789
2019-10-23,208.679992675781,211.289993286133,207.429992675781,210.059997558594,1179800,191.680969238281
2019-10-24,211.320007324219,212.529998779297,210.710006713867,211.470001220703,669800,192.96760559082
2019-10-25,211.479995727539,214.119995117188,210.210006713867,213.259994506836,570100,194.600997924805
2019-10-28,214.089996337891,214.470001220703,211.270004272461,211.479995727539,980200,192.97673034668
2019-10-29,211.740005493164,221.270004272461,210.949996948242,217.820007324219,1177000,198.762008666992
2019-10-30,216.800003051758,217.199996948242,215.029998779297,216.729995727539,604800,197.76741027832
2019-10-31,216.139999389648,217.289993286133,212.440002441406,213.259994506836,1011900,194.600997924805
2019-11-01,214.710006713867,215.660003662109,213.039993286133,213.559997558594,738700,194.874786376953
2019-11-04,214.929992675781,215.929992675781,212.820007324219,214.419998168945,962200,195.659530639648
2019-11-05,213.820007324219,218.360000610352,212.960006713867,216.580001831055,980600,197.630493164062
2019-11-06,216.839996337891,219.169998168945,215.289993286133,218.850006103516,1019700,199.701919555664
2019-11-07,221,228.429992675781,218.509994506836,227.580001831055,1935900,207.668060302734
2019-11-08,231.710006713867,234.610000610352,230.289993286133,233.869995117188,1810100,213.407760620117
2019-11-11,233.029998779297,235.490005493164,232.570007324219,235.029998779297,906100,214.466247558594
2019-11-12,236.130004882812,237.740005493164,235.25,237.009994506836,1152000,216.273010253906
2019-11-13,236.720001220703,238.089996337891,236.039993286133,237.520004272461,1175400,216.738388061523
2019-11-14,236.380004882812,238.539993286133,236.259994506836,238.179992675781,949500,217.340637207031
2019-11-15,239.520004272461,241,238.630004882812,240.919998168945,1259800,219.840896606445
2019-11-18,239.089996337891,241.779998779297,239.089996337891,241.190002441406,976200,220.087265014648
2019-11-19,241.229995727539,241.899993896484,240.220001220703,241.309997558594,816000,220.19677734375
2019-11-20,241.059997558594,241.779998779297,236.990005493164,237.899993896484,1199500,217.085159301758
2019-11-21,237.279998779297,238.080001831055,235.580001831055,237.639999389648,774000,216.847900390625
2019-11-22,237.860000610352,239,235.25,237.600006103516,979200,216.811386108398
2019-11-25,238.240005493164,239.119995117188,233.139999389648,234.740005493164,1316500,214.201599121094
2019-11-26,234.199996948242,235.820007324219,232.279998779297,234.399993896484,1438200,213.891372680664
2019-11-27,234.399993896484,236.309997558594,233.100006103516,236.039993286133,685100,215.387878417969
2019-11-29,236.380004882812,238.179992675781,235.320007324219,236.330001831055,653400,215.652481079102
2019-12-02,236,236.199996948242,230.710006713867,230.970001220703,1150700,210.761459350586
2019-12-03,229.919998168945,231.419998168945,227.979995727539,229.690002441406,1162400,209.593460083008
2019-12-04,230.5,231.369995117188,228.919998168945,228.919998168945,972800,208.890823364258
2019-12-05,229.160003662109,231.229995727539,229.070007324219,230.460006713867,1029200,210.296112060547
2019-12-06,232.800003051758,232.889999389648,231.550003051758,232.029998779297,618700,211.728744506836
2019-12-09,232.350006103516,233.149993896484,230.820007324219,230.820007324219,978500,210.624603271484
2019-12-10,230.770004272461,231.710006713867,229.369995117188,229.5,928900,209.420074462891
2019-12-11,230.399993896484,230.470001220703,228.419998168945,229.5,1248100,209.420074462891
2019-12-12,229.789993286133,232.809997558594,229.350006103516,232.399993896484,2177400,212.066345214844
2019-12-13,231.589996337891,234.490005493164,230.559997558594,230.740005493164,881100,210.551620483398
2019-12-16,232.110000610352,234.580001831055,231.789993286133,234.440002441406,1089200,213.927856445312
2019-12-17,234.779998779297,236.699996948242,233.830001831055,235.610000610352,1220800,214.995513916016
2019-12-18,235.089996337891,235.520004272461,230.580001831055,233.110000610352,1056100,212.714248657227
2019-12-19,232.830001831055,235.229995727539,232.830001831055,233.059997558594,912800,212.66862487793
2019-12-20,233.960006713867,235.820007324219,233.160003662109,235,1738200,214.438873291016
2019-12-23,236.070007324219,236.369995117188,234.380004882812,235.139999389648,831000,214.566619873047
2019-12-24,234.979995727539,236.119995117188,234,235.050003051758,162700,214.484512329102
2019-12-26,236.309997558594,236.309997558594,234.800003051758,236.080001831055,344800,215.424377441406
2019-12-27,237.139999389648,237.309997558594,235.009994506836,235.490005493164,416100,214.886001586914
2019-12-30,235.809997558594,236.080001831055,234.330001831055,235.330001831055,470800,214.740051269531
2019-12-31,234.669998168945,235.130004882812,233.429992675781,234.990005493164,527100,215.491973876953
2020-01-02,235.25,236.800003051758,230.839996337891,231.139999389648,1320500,211.961395263672
2020-01-03,228.649993896484,230.270004272461,225.979995727539,226,1710400,207.247909545898
2020-01-06,225.149993896484,228.149993896484,224.940002441406,225.899993896484,1737400,207.156173706055
2020-01-07,225.410003662109,228.830001831055,224.910003662109,226.860000610352,1518900,208.036544799805
2020-01-08,227.710006713867,228.949996948242,225.860000610352,228.089996337891,965700,209.164474487305
2020-01-09,230.070007324219,233.729995727539,229.279998779297,233.5,1320900,214.125610351562
2020-01-10,234.5,235.289993286133,231.25,232,949000,212.750045776367
2020-01-13,232.360000610352,237.270004272461,232.279998779297,236.860000610352,1376800,217.206787109375
2020-01-14,236.029998779297,236.990005493164,233.889999389648,234.520004272461,944200,215.060928344727
2020-01-15,235.080001831055,236.729995727539,233.759994506836,235.460006713867,779500,215.922958374023
2020-01-16,236.869995117188,237.229995727539,235.479995727539,235.770004272461,756600,216.207244873047
2020-01-17,236.050003051758,237.350006103516,235.169998168945,237,1857000,217.335189819336
2020-01-21,236.460006713867,239.119995117188,235.339996337891,237.179992675781,1699900,217.500213623047
2020-01-22,238.610000610352,239.139999389648,236.919998168945,238.039993286133,927800,218.28889465332
2020-01-23,235.820007324219,237.720001220703,233.639999389648,237.289993286133,1072300,217.601119995117
2020-01-24,237.539993286133,244.610000610352,237.539993286133,243.949996948242,1763500,223.708526611328
2020-01-27,240.399993896484,240.869995117188,233.360000610352,233.470001220703,1368900,214.098083496094
2020-01-28,234.089996337891,237.419998168945,233.740005493164,236.449996948242,1338500,216.830825805664
2020-01-29,237.929992675781,237.929992675781,235.559997558594,237.270004272461,709000,217.582809448242
2020-01-30,236.320007324219,241.740005493164,236.139999389648,241.410003662109,1074100,221.379272460938
2020-01-31,240.339996337891,240.649993896484,237.809997558594,238.710006713867,1596400,218.9033203125
2020-02-03,239.889999389648,243.669998168945,238.369995117188,243.009994506836,1639600,222.846496582031
2020-02-04,244.910003662109,248,243.279998779297,247.089996337891,1447300,226.588027954102
2020-02-05,248.720001220703,250.589996337891,243.139999389648,250.279998779297,1590800,229.513275146484
2020-02-06,250.729995727539,251.619995117188,248.820007324219,251.059997558594,1517600,230.228576660156
2020-02-07,250.399993896484,251.369995117188,249.130004882812,249.919998168945,730800,229.183135986328
2020-02-10,251.5,252,250.320007324219,251.710006713867,861600,230.824645996094
2020-02-11,253.279998779297,254.309997558594,252.220001220703,252.410003662109,965400,231.466583251953
2020-02-12,252.800003051758,254.710006713867,252.610000610352,254.100006103516,690000,233.016326904297
2020-02-13,253.889999389648,256.320007324219,253.259994506836,254.880004882812,666200,233.731597900391
2020-02-14,255.220001220703,256.049987792969,254.649993896484,256.010009765625,650800,234.767852783203
2020-02-18,255.910003662109,256.589996337891,254.970001220703,255.740005493164,857900,234.520233154297
2020-02-19,256.410003662109,257.010009765625,255.009994506836,255.820007324219,931000,234.593643188477
2020-02-20,254.899993896484,256.010009765625,252.110000610352,255.399993896484,922900,234.208465576172
2020-02-21,255.240005493164,255.589996337891,253.699996948242,254.970001220703,1587000,233.81413269043
2020-02-24,249.759994506836,251.089996337891,244.679992675781,245.529998779297,1330700,225.157424926758
2020-02-25,245.539993286133,246.389999389648,234.820007324219,235.490005493164,1423700,215.950485229492
2020-02-26,235.949996948242,240.169998168945,235.110000610352,235.520004272461,1310200,215.977981567383
2020-02-27,231.880004882812,233.279998779297,223.990005493164,224.089996337891,1410300,205.496353149414
2020-02-28,217.389999389648,222.779998779297,213.809997558594,219.610000610352,2353600,201.388122558594
2020-03-02,221.089996337891,230.839996337891,220.630004882812,230.649993896484,1625400,211.512054443359
2020-03-03,231.089996337891,237.220001220703,224.550003051758,227.360000610352,1607800,208.495056152344
2020-03-04,231.419998168945,237.440002441406,229.789993286133,237.199996948242,1213900,217.518615722656
2020-03-05,230.5,234.729995727539,229.160003662109,234,1548200,214.584091186523
2020-03-06,226.229995727539,231.529998779297,225.440002441406,229.710006713867,2175000,210.650054931641
2020-03-09,214.990005493164,214.990005493164,204.740005493164,205.149993896484,2393700,188.127914428711
2020-03-10,210.929992675781,214.580001831055,204.619995117188,214.580001831055,1962500,196.775436401367
2020-03-11,210,213.130004882812,203.449996948242,207.800003051758,1470600,190.558029174805
2020-03-12,197.899993896484,206.169998168945,178.479995727539,187.729995727539,2288700,172.153289794922
2020-03-13,197.149993896484,206.520004272461,188.669998168945,206.360000610352,2180400,189.237503051758
2020-03-16,170.149993896484,191.199996948242,167.429992675781,180.350006103516,1809000,165.385650634766
2020-03-17,185.350006103516,205.759994506836,181.589996337891,205.100006103516,2284700,188.08203125
2020-03-18,190.710006713867,211.529998779297,182.830001831055,201.570007324219,2582200,184.844940185547
2020-03-19,199.5,204.860000610352,188.580001831055,191.039993286133,1818200,175.188674926758
2020-03-20,190.970001220703,193.850006103516,182.289993286133,189.149993896484,2155600,173.455505371094
2020-03-23,186.410003662109,194.610000610352,173.910003662109,176.729995727539,2162800,162.065994262695
2020-03-24,185.559997558594,200.720001220703,179.270004272461,194.419998168945,2161600,178.288223266602
2020-03-25,193.360000610352,204.619995117188,189.720001220703,191.149993896484,2165300,175.28955078125
2020-03-26,192.979995727539,202.800003051758,189.979995727539,201.339996337891,1512800,184.634033203125
2020-03-27,195.309997558594,199.149993896484,191.339996337891,193.169998168945,1173100,177.14192199707
2020-03-30,198.470001220703,208.589996337891,197.100006103516,206.529998779297,1281800,189.393417358398
2020-03-31,202.699996948242,205.880004882812,197.470001220703,199.610000610352,2372800,184.242965698242
2020-04-01,192,197.399993896484,188.539993286133,189.279998779297,1566500,174.708221435547
2020-04-02,187.630004882812,199.240005493164,186.449996948242,194.5,1963500,179.526351928711
2020-04-03,193.389999389648,194.990005493164,185.25,186.600006103516,1943700,172.234573364258
2020-04-06,194.619995117188,198.199996948242,190.610000610352,193.860000610352,2090400,178.935638427734
2020-04-07,198.610000610352,205.740005493164,198.25,202.029998779297,1383800,186.476684570312
2020-04-08,203.470001220703,217.580001831055,201.070007324219,215.759994506836,1804000,199.149658203125
2020-04-09,215.130004882812,222.600006103516,215.130004882812,219.320007324219,1744000,202.435607910156
2020-04-13,218.199996948242,219.990005493164,213.509994506836,216.190002441406,1096700,199.546524047852
2020-04-14,221.639999389648,224.279998779297,218.490005493164,220.789993286133,965400,203.792434692383
2020-04-15,219.270004272461,219.270004272461,212.029998779297,213.820007324219,1042400,197.359008789062
2020-04-16,214.440002441406,215.270004272461,211.550003051758,212.880004882812,974400,196.491363525391
2020-04-17,217.460006713867,223.839996337891,214.610000610352,221.5,1755600,204.447769165039
2020-04-20,219.490005493164,221.179992675781,213.220001220703,214.369995117188,800500,197.866668701172
2020-04-21,209.960006713867,210.119995117188,205.410003662109,207.389999389648,1498500,191.424026489258
2020-04-22,213.649993896484,215.389999389648,210.779998779297,214.440002441406,1318100,197.931274414062
2020-04-23,218.220001220703,219.789993286133,209.669998168945,211.270004272461,1113900,195.005340576172
2020-04-24,213.300003051758,217.330001831055,212.229995727539,216.779998779297,811900,200.09114074707
2020-04-27,216.449996948242,222.449996948242,215.509994506836,222.259994506836,1194300,205.149276733398
2020-04-28,225.419998168945,227.199996948242,221.119995117188,223.619995117188,1093400,206.404541015625
2020-04-29,225.979995727539,231.880004882812,225.039993286133,230.669998168945,1323800,212.911849975586
2020-04-30,225.910003662109,228.5,224.149993896484,225.580001831055,1284000,208.213653564453
2020-05-01,220.389999389648,222.899993896484,218.869995117188,222.25,827200,205.140045166016
2020-05-04,221.550003051758,224.509994506836,219.520004272461,223.350006103516,1345100,206.155349731445
2020-05-05,225,227.809997558594,223.529998779297,224.300003051758,1106400,207.032241821289
2020-05-06,223.729995727539,226.5,222.929992675781,223.380004882812,1314400,206.183044433594
2020-05-07,226.149993896484,228.429992675781,223.160003662109,226.800003051758,761700,209.339752197266
2020-05-08,231.080001831055,233.559997558594,229.190002441406,233.479995727539,808700,215.505462646484
2020-05-11,229,233.529998779297,227.889999389648,232.669998168945,852300,214.757797241211
2020-05-12,232.639999389648,234.149993896484,230.070007324219,230.259994506836,1062800,212.53337097168
2020-05-13,229.850006103516,232.850006103516,223.289993286133,225.839996337891,1128400,208.45361328125
2020-05-14,221.710006713867,225.770004272461,219.520004272461,225.619995117188,958900,208.250579833984
2020-05-15,224.720001220703,228.119995117188,222.520004272461,228.039993286133,1441300,210.484268188477
2020-05-18,235.929992675781,241.320007324219,235.850006103516,238.949996948242,1159300,220.554382324219
2020-05-19,237.690002441406,239.220001220703,235.789993286133,236.029998779297,720400,217.859176635742
2020-05-20,239.660003662109,242.270004272461,238.529998779297,239.800003051758,781700,221.338958740234
2020-05-21,238.979995727539,240.25,235.190002441406,235.539993286133,736200,217.40690612793
2020-05-22,234.460006713867,235.889999389648,233.169998168945,234.350006103516,775100,216.308517456055
2020-05-26,238.940002441406,240.520004272461,237.240005493164,237.800003051758,1043100,219.492904663086
2020-05-27,240.25,240.649993896484,232.410003662109,235.160003662109,1025700,217.056167602539
2020-05-28,239.089996337891,242.860000610352,236.669998168945,240.679992675781,930100,222.151184082031
2020-05-29,241.300003051758,242.970001220703,239.550003051758,241.649993896484,1241800,223.04655456543
2020-06-01,242.110000610352,244.610000610352,239.429992675781,242.600006103516,711700,223.923431396484
2020-06-02,242.539993286133,245.429992675781,241.809997558594,245.300003051758,933700,226.41552734375
2020-06-03,246.949996948242,250.610000610352,245.380004882812,248.460006713867,849100,229.332260131836
2020-06-04,247.350006103516,248.820007324219,243.110000610352,243.970001220703,1210300,225.187881469727
2020-06-05,249.830001831055,250.339996337891,247.429992675781,248.580001831055,1243100,229.442993164062
2020-06-08,246.929992675781,249.820007324219,245.990005493164,249.580001831055,889400,230.366027832031
2020-06-09,247.380004882812,251.300003051758,245.830001831055,250.869995117188,1014400,231.556701660156
2020-06-10,251.949996948242,252.539993286133,247.490005493164,247.860000610352,625900,228.778427124023
2020-06-11,243.380004882812,244.470001220703,232.630004882812,233.080001831055,1370100,215.136291503906
2020-06-12,238.880004882812,240.009994506836,230.630004882812,235.039993286133,854300,216.945388793945
2020-06-15,230,238.399993896484,229.169998168945,237.009994506836,709300,218.763732910156
2020-06-16,241.220001220703,242.710006713867,236.610000610352,238.039993286133,961600,219.714431762695
2020-06-17,240.130004882812,240.539993286133,236.75,237.449996948242,513900,219.169845581055
2020-06-18,237.570007324219,239.559997558594,236.240005493164,238.110000610352,678400,219.779037475586
2020-06-19,241.949996948242,241.949996948242,235.389999389648,235.509994506836,1386600,217.379196166992
2020-06-22,235.100006103516,237.630004882812,233.600006103516,236.470001220703,667200,218.26530456543
2020-06-23,239.389999389648,240.320007324219,236.509994506836,239.089996337891,975900,220.683563232422
2020-06-24,236.979995727539,238.990005493164,230,233.139999389648,1164400,215.191650390625
2020-06-25,232.940002441406,237.649993896484,230.729995727539,237.300003051758,860400,219.03141784668
2020-06-26,236.559997558594,238.029998779297,234.429992675781,236.020004272461,1243700,217.849945068359
2020-06-29,238.610000610352,239.929992675781,235.800003051758,238.610000610352,993300,220.240539550781
2020-06-30,236.160003662109,243.050003051758,236,241.460006713867,1544500,224.129821777344
2020-07-01,241.899993896484,244.850006103516,239.360000610352,243.75,1049100,226.255462646484
2020-07-02,245.169998168945,247.759994506836,244.919998168945,247.419998168945,1333000,229.662033081055
2020-07-06,250.330001831055,250.979995727539,244.860000610352,248.910003662109,1131600,231.045104980469
2020-07-07,251.850006103516,265.269989013672,251.669998168945,265.130004882812,2682600,246.100982666016
2020-07-08,266.399993896484,276.859985351562,265.980010986328,269.790008544922,2793000,250.426528930664
2020-07-09,271.019989013672,272.010009765625,265.940002441406,271.600006103516,1504300,252.106582641602
2020-07-10,272.410003662109,273.839996337891,269.839996337891,273.190002441406,951600,253.582473754883
2020-07-13,276.070007324219,280.700012207031,273.540008544922,274.350006103516,1180900,254.659210205078
2020-07-14,274,281.549987792969,273.029998779297,280.989990234375,1990300,260.822692871094
2020-07-15,282.75,285.299987792969,281.100006103516,281.970001220703,1327100,261.732299804688
2020-07-16,283.179992675781,288,282.760009765625,287.190002441406,2252300,266.577667236328
2020-07-17,289,295.369995117188,287.619995117188,294,1961500,272.898895263672
2020-07-20,293.459991455078,295.899993896484,288,290.869995117188,1037600,269.993499755859
2020-07-21,291,292.670013427734,289.910003662109,290.390014648438,1057500,269.548004150391
2020-07-22,290.429992675781,296.279998779297,289.660003662109,295.510009765625,820600,274.300537109375
2020-07-23,289.440002441406,299.820007324219,289.440002441406,293.25,1318700,272.202697753906
2020-07-24,291.970001220703,293.350006103516,289.350006103516,291.519989013672,1064000,270.596893310547
2020-07-27,293.649993896484,297.089996337891,292.260009765625,294.709991455078,1077300,273.557922363281
2020-07-28,294.489990234375,294.720001220703,289.140014648438,289.269989013672,775400,268.508331298828
2020-07-29,289.209991455078,292.730010986328,288.429992675781,288.850006103516,1131200,268.118499755859
2020-07-30,286.019989013672,287.410003662109,283.179992675781,284.809997558594,1042200,264.368499755859
2020-07-31,285.619995117188,286.739990234375,281.059997558594,286.630004882812,1546200,266.057891845703
2020-08-03,288.079986572266,288.630004882812,278.329986572266,278.410003662109,1731000,258.427856445312
2020-08-04,276.329986572266,280.959991455078,274.559997558594,279.579986572266,2065300,259.513885498047
2020-08-05,281.149993896484,288.040008544922,281.079986572266,284.619995117188,1624700,264.192138671875
2020-08-06,283.660003662109,284.970001220703,281.059997558594,282.989990234375,1293700,262.679046630859
2020-08-07,283.329986572266,283.329986572266,279.200012207031,281.690002441406,861700,261.472381591797
2020-08-10,280.779998779297,281.790008544922,278.899993896484,281.239990234375,980600,261.054718017578
2020-08-11,282.109985351562,284.690002441406,280.850006103516,281.600006103516,967000,261.388916015625
2020-08-12,284,287.359985351562,282.609985351562,285.399993896484,755400,264.916107177734
2020-08-13,284.279998779297,288.489990234375,284.170013427734,288.309997558594,758200,267.617279052734
2020-08-14,288.420013427734,292.049987792969,287.679992675781,289.820007324219,1017200,269.018859863281
2020-08-17,291.779998779297,293.309997558594,289.089996337891,289.559997558594,846100,268.777587890625
2020-08-18,290.559997558594,291.480010986328,285.940002441406,286.350006103516,763900,265.797943115234
2020-08-19,289.209991455078,289.209991455078,286.420013427734,286.950012207031,482800,266.354858398438
2020-08-20,284.079986572266,286.390014648438,283.489990234375,286.070007324219,430400,265.5380859375
2020-08-21,285.440002441406,286.989990234375,282.850006103516,286.440002441406,583500,265.881469726562
2020-08-24,289.589996337891,289.75,287.190002441406,287.649993896484,466100,267.004638671875
2020-08-25,289.179992675781,291.140014648438,287.850006103516,289.420013427734,485400,268.647613525391
2020-08-26,288.429992675781,295.529998779297,287.880004882812,293.959991455078,578000,272.861694335938
2020-08-27,294.899993896484,295.160003662109,292.049987792969,292.75,426400,271.738586425781
2020-08-28,293.380004882812,297.109985351562,293.160003662109,296.760009765625,502700,275.460815429688
2020-08-31,295.350006103516,299.459991455078,292.089996337891,292.260009765625,601900,271.283752441406
2020-09-01,291,303.170013427734,290.690002441406,302.730010986328,1071700,281.002319335938
2020-09-02,302.489990234375,310.739990234375,301.820007324219,310.309997558594,1296600,288.038269042969
2020-09-03,307.980010986328,308.940002441406,292.910003662109,297.179992675781,1320600,275.850616455078
2020-09-04,298.910003662109,300.709991455078,291.059997558594,298.429992675781,1375400,277.010925292969
2020-09-08,294.890014648438,298.309997558594,292,294.519989013672,1109400,273.381500244141
2020-09-09,298.179992675781,306.829986572266,297.950012207031,303.269989013672,1025400,281.503540039062
2020-09-10,302.700012207031,306.040008544922,294.100006103516,295.230010986328,1181300,274.040649414062
2020-09-11,297.809997558594,302.130004882812,297.100006103516,300.320007324219,625800,278.765319824219
2020-09-14,303.579986572266,306.799987792969,301.269989013672,303.970001220703,611000,282.1533203125
2020-09-15,305.880004882812,307.929992675781,303.959991455078,304.040008544922,700700,282.218322753906
2020-09-16,304.260009765625,306.760009765625,302.290008544922,302.459991455078,810000,280.751647949219
2020-09-17,298.700012207031,302.839996337891,297.170013427734,301.980010986328,739700,280.306213378906
2020-09-18,299.799987792969,303.299987792969,294.839996337891,295.809997558594,1150800,274.579010009766
2020-09-21,291.369995117188,291.600006103516,284.640014648438,290.779998779297,762600,269.909973144531
2020-09-22,292.660003662109,293.739990234375,289.440002441406,293.450012207031,671700,272.388397216797
2020-09-23,292.820007324219,293.540008544922,284.589996337891,285.429992675781,885100,264.944000244141
2020-09-24,285.510009765625,291.859985351562,284.230010986328,289.989990234375,795400,269.176727294922
2020-09-25,286.25,291.690002441406,285,290.709991455078,566700,269.845031738281
2020-09-28,294.119995117188,295.809997558594,292.130004882812,292.670013427734,742200,271.664337158203
2020-09-29,294.630004882812,296.779998779297,291.809997558594,293.859985351562,603100,272.768951416016
2020-09-30,293.670013427734,299.320007324219,293.059997558594,297.859985351562,1152700,277.748413085938
2020-10-01,299.059997558594,301.739990234375,293.570007324219,294.670013427734,1316700,274.773773193359
2020-10-02,291.320007324219,298.470001220703,290.200012207031,296.040008544922,1030000,276.05126953125
2020-10-05,298.290008544922,304.670013427734,296.190002441406,300.320007324219,1091900,280.042327880859
2020-10-06,301.529998779297,304.239990234375,295.920013427734,296.200012207031,1418600,276.200469970703
2020-10-07,300.700012207031,304.730010986328,299.690002441406,302.109985351562,645800,281.71142578125
2020-10-08,303.019989013672,304.679992675781,299.089996337891,299.660003662109,745500,279.426818847656
2020-10-09,302.290008544922,303.459991455078,299.230010986328,300.600006103516,962600,280.303344726562
2020-10-12,303.880004882812,304.859985351562,301.880004882812,302.880004882812,706000,282.429412841797
2020-10-13,302.429992675781,306.820007324219,300.399993896484,301.100006103516,798900,280.769561767578
2020-10-14,299.989990234375,301.570007324219,297.709991455078,297.910003662109,975400,277.794982910156
2020-10-15,296.850006103516,297.670013427734,294.350006103516,295.959991455078,1054300,275.976715087891
2020-10-16,297.690002441406,300.369995117188,296.130004882812,298.140014648438,1398700,278.009429931641
2020-10-19,299.959991455078,300.600006103516,293.220001220703,294.160003662109,922900,274.298217773438
2020-10-20,295.510009765625,297.390014648438,294.100006103516,294.489990234375,532000,274.605865478516
2020-10-21,294.040008544922,298.029998779297,293.109985351562,293.260009765625,429800,273.459014892578
2020-10-22,292.540008544922,294.130004882812,289.010009765625,292.25,547400,272.517150878906
2020-10-23,294.980010986328,295.600006103516,292.230010986328,294,477500,274.148986816406
2020-10-26,289.940002441406,291.260009765625,283.040008544922,286.399993896484,636200,267.062194824219
2020-10-27,287.130004882812,288.339996337891,283.369995117188,283.5,538600,264.357971191406
2020-10-28,277,279.649993896484,272.75,272.980010986328,903900,254.548263549805
2020-10-29,272.809997558594,279.649993896484,271.269989013672,276.769989013672,715600,258.082366943359
2020-10-30,274.920013427734,278.049987792969,271.679992675781,276.239990234375,827400,257.588195800781
2020-11-02,280.720001220703,287.600006103516,279.100006103516,286.690002441406,690200,267.332580566406
2020-11-03,289.970001220703,292.709991455078,286.970001220703,289.040008544922,842300,269.523895263672
2020-11-04,289.970001220703,291.890014648438,284.640014648438,289.290008544922,924200,269.757019042969
2020-11-05,295.260009765625,306.510009765625,295.070007324219,303.339996337891,856400,282.858337402344
2020-11-06,303.429992675781,307.779998779297,302.140014648438,306.720001220703,745400,286.010192871094
2020-11-09,318.910003662109,327.890014648438,312.510009765625,312.670013427734,1261700,291.558380126953
2020-11-10,315.079986572266,315.570007324219,309.519989013672,309.970001220703,1279600,289.040740966797
2020-11-11,297,300.160003662109,277.160003662109,280.839996337891,4733200,261.877563476562
2020-11-12,277.890014648438,279.970001220703,263.609985351562,265.309997558594,4849000,247.396148681641
2020-11-13,268.029998779297,269.559997558594,262.260009765625,263.869995117188,2553700,246.053436279297
2020-11-16,267.579986572266,269.720001220703,262.799987792969,266.440002441406,2201800,248.449844360352
2020-11-17,264.589996337891,266.670013427734,262.239990234375,266.290008544922,2218700,248.310028076172
2020-11-18,266.820007324219,272.100006103516,266.019989013672,267.700012207031,2028800,249.624816894531
2020-11-19,266.75,272.630004882812,263.790008544922,270.359985351562,1340500,252.105178833008
2020-11-20,269.940002441406,271.149993896484,265.380004882812,270.480010986328,1102900,252.217102050781
2020-11-23,272.769989013672,276.670013427734,270.899993896484,275.260009765625,1265900,256.674377441406
2020-11-24,278,286.380004882812,276.260009765625,284.019989013672,1921400,264.842895507812
2020-11-25,283.660003662109,286.220001220703,277.260009765625,278.119995117188,1177700,259.341247558594
2020-11-27,279.010009765625,279.970001220703,276.559997558594,277.829986572266,674700,259.070770263672
2020-11-30,278,280.149993896484,275.790008544922,280.140014648438,1312900,261.224822998047
2020-12-01,285,286,279.269989013672,283.179992675781,1259700,264.059600830078
2020-12-02,281.690002441406,282.5,273.869995117188,273.880004882812,1373200,255.387542724609
2020-12-03,274.380004882812,275.200012207031,266.070007324219,267.25,2035600,249.205139160156
2020-12-04,267.010009765625,273.850006103516,264.630004882812,273.760009765625,1587100,255.275650024414
2020-12-07,274.480010986328,276.429992675781,268.160003662109,269.179992675781,1114200,251.004852294922
2020-12-08,269,270.040008544922,267.100006103516,268.230010986328,1358500,250.119003295898
2020-12-09,269.380004882812,271.609985351562,267.859985351562,270.570007324219,1038100,252.300994873047
2020-12-10,269.209991455078,270.220001220703,266.690002441406,268.820007324219,1065000,250.669189453125
2020-12-11,266.589996337891,268.630004882812,265.700012207031,267.359985351562,751800,249.30778503418
2020-12-14,269.079986572266,270.329986572266,265.320007324219,265.399993896484,894200,247.480087280273
2020-12-15,270.100006103516,272.070007324219,268.059997558594,270.010009765625,1655400,251.778823852539
2020-12-16,270.049987792969,271.070007324219,267.399993896484,268.899993896484,1154900,250.743743896484
2020-12-17,269.989990234375,271.429992675781,268.5,268.600006103516,940000,250.46403503418
2020-12-18,267.619995117188,270.459991455078,265.320007324219,269.549987792969,2605100,251.349838256836
2020-12-21,265.369995117188,266.570007324219,260.609985351562,264.489990234375,1387100,246.631530761719
2020-12-22,264.010009765625,264.679992675781,261.609985351562,264.010009765625,1266900,246.183975219727
2020-12-23,266.040008544922,268.980010986328,265,266.25,840500,248.272705078125
2020-12-24,266.079986572266,268.359985351562,265.130004882812,268.350006103516,227600,250.230911254883
2020-12-28,271.519989013672,272.600006103516,268.399993896484,268.600006103516,630600,250.46403503418
2020-12-29,271.170013427734,274.369995117188,267.380004882812,268.730010986328,777200,250.58528137207
2020-12-30,269.980010986328,273,269.410003662109,271.100006103516,611300,252.795257568359
2020-12-31,269.420013427734,273.579986572266,268.299987792969,273.220001220703,795600,256.037628173828
2021-01-04,275.390014648438,276.470001220703,267.170013427734,268.200012207031,1286200,251.333297729492
2021-01-05,268.25,283.480010986328,268.25,282.390014648438,1882400,264.630981445312
2021-01-06,283,293.25,282.720001220703,289.970001220703,1883700,271.734222412109
2021-01-07,289.559997558594,290.5,283.839996337891,285.290008544922,1147900,267.348602294922
2021-01-08,286.350006103516,287.829986572266,281.350006103516,285.739990234375,1229700,267.770263671875
2021-01-11,284.570007324219,286.299987792969,281.899993896484,283.130004882812,751300,265.324401855469
2021-01-12,283.130004882812,283.920013427734,280.25,283.059997558594,1097400,265.2587890625
2021-01-13,283.839996337891,292.380004882812,283.839996337891,290.670013427734,1608800,272.390197753906
2021-01-14,290.869995117188,291.890014648438,285.970001220703,286.25,1108100,268.248199462891
2021-01-15,284.779998779297,288.380004882812,281.679992675781,286.910003662109,1908600,268.866760253906
2021-01-19,289.929992675781,289.989990234375,283.700012207031,285.660003662109,1368200,267.695373535156
2021-01-20,287.329986572266,288.779998779297,286.220001220703,286.559997558594,692500,268.538757324219
2021-01-21,286.5,287.410003662109,281.760009765625,282.609985351562,918500,264.837097167969
2021-01-22,281.380004882812,287.359985351562,281,283.600006103516,791200,265.764862060547
2021-01-25,283.269989013672,283.649993896484,276.420013427734,279.019989013672,1129700,261.472869873047
2021-01-26,279.959991455078,281.809997558594,277.950012207031,277.989990234375,962500,260.507629394531
2021-01-27,274.950012207031,274.959991455078,266.670013427734,269.980010986328,1124500,253.001373291016
2021-01-28,273.670013427734,279,270,275.859985351562,982800,258.511596679688
2021-01-29,273.790008544922,275.690002441406,266.140014648438,266.760009765625,1458600,249.983901977539
2021-02-01,268.709991455078,271.290008544922,265.390014648438,268.950012207031,1360400,252.0361328125
2021-02-02,271,276.239990234375,270.019989013672,273.950012207031,1061400,256.721710205078
2021-02-03,274.859985351562,279.920013427734,274.119995117188,276.600006103516,1065700,259.205078125
2021-02-04,261.859985351562,266,245.75,256.700012207031,6284200,240.556564331055
2021-02-05,256.010009765625,257.670013427734,249.880004882812,253.149993896484,3167300,237.229797363281
2021-02-08,259.950012207031,260.989990234375,251.880004882812,253.639999389648,2056000,237.688995361328
2021-02-09,253.779998779297,256.209991455078,249.789993286133,254.440002441406,1347100,238.438674926758
2021-02-10,255.070007324219,256,251.110000610352,253.580001831055,1463000,237.632766723633
2021-02-11,255,258.989990234375,254.179992675781,257.690002441406,1183800,241.484298706055
2021-02-12,256.75,263.329986572266,256.75,260.549987792969,1157500,244.16438293457
2021-02-16,262.230010986328,263.529998779297,259.709991455078,260.730010986328,1095700,244.333129882812
2021-02-17,259.880004882812,261.739990234375,256.779998779297,260.010009765625,873800,243.658416748047
2021-02-18,260,263.890014648438,258.470001220703,262.649993896484,913500,246.132339477539
2021-02-19,262.570007324219,265.480010986328,262.570007324219,263.880004882812,1215500,247.285049438477
2021-02-22,262.739990234375,265.649993896484,261.049987792969,265.480010986328,1001500,248.784408569336
2021-02-23,265.649993896484,267.489990234375,259.589996337891,263.329986572266,1335600,246.769577026367
2021-02-24,262.779998779297,265.820007324219,262.109985351562,263.260009765625,971300,246.704010009766
2021-02-25,262.980010986328,264.779998779297,259.720001220703,260.380004882812,843300,244.005142211914
2021-02-26,259.369995117188,261.109985351562,255.570007324219,255.619995117188,1285500,239.544448852539
2021-03-01,258.399993896484,263.269989013672,258.399993896484,261.190002441406,827700,244.764175415039
2021-03-02,261.700012207031,266.970001220703,261.390014648438,266,1158200,249.271697998047
2021-03-03,262.880004882812,265.670013427734,261.519989013672,262.339996337891,1193700,245.841842651367
2021-03-04,261.570007324219,262.859985351562,253.25,256.429992675781,1126500,240.303512573242
2021-03-05,258.119995117188,264.630004882812,255.410003662109,263.820007324219,861900,247.228775024414
2021-03-08,265.75,270.679992675781,263.540008544922,266.880004882812,1021800,250.096313476562
2021-03-09,269.399993896484,271.269989013672,267.369995117188,267.510009765625,744400,250.686721801758
2021-03-10,269.269989013672,275,267.630004882812,271.619995117188,806600,254.538208007812
2021-03-11,274.410003662109,276.690002441406,272.260009765625,272.690002441406,839100,255.540954589844
2021-03-12,272.790008544922,275.429992675781,272.160003662109,273.260009765625,741500,256.075073242188
2021-03-15,272.739990234375,273.320007324219,270.230010986328,272.959991455078,721500,255.794006347656
2021-03-16,272.390014648438,275.369995117188,270.700012207031,274.510009765625,650200,257.246520996094
2021-03-17,274.720001220703,275.829986572266,270.470001220703,270.670013427734,735800,253.64794921875
2021-03-18,269.670013427734,271.829986572266,267.059997558594,269.029998779297,742700,252.111129760742
2021-03-19,269.540008544922,277.070007324219,267.100006103516,275.399993896484,2431800,258.080505371094
2021-03-22,275.140014648438,281.269989013672,273.450012207031,278.820007324219,1818700,261.285430908203
2021-03-23,278.410003662109,279.059997558594,273.790008544922,274.690002441406,1147700,257.415222167969
2021-03-24,274.350006103516,281.140014648438,274.079986572266,278.010009765625,778700,260.526397705078
2021-03-25,277.850006103516,278.850006103516,274.649993896484,277.269989013672,1340900,259.832946777344
2021-03-26,279.799987792969,287.470001220703,279.230010986328,287.220001220703,1269800,269.157135009766
2021-03-29,286.369995117188,290.320007324219,283.700012207031,283.970001220703,1118300,266.111602783203
2021-03-30,283.609985351562,286.25,281.660003662109,282.609985351562,896200,264.837097167969
2021-03-31,280.019989013672,284.239990234375,280.019989013672,281.339996337891,831600,265.053771972656
2021-04-01,282.200012207031,285.220001220703,279.179992675781,284.899993896484,927700,268.407745361328
2021-04-05,286.649993896484,289.970001220703,285.489990234375,289.510009765625,780100,272.750823974609
2021-04-06,289.290008544922,290.959991455078,286.160003662109,288.019989013672,743900,271.347106933594
2021-04-07,286.440002441406,287.609985351562,281.420013427734,282.489990234375,853600,266.137268066406
2021-04-08,284.799987792969,286.019989013672,282.890014648438,283.109985351562,707000,266.721343994141
2021-04-09,282.989990234375,284.839996337891,280.760009765625,284.359985351562,953200,267.898986816406
2021-04-12,283.359985351562,285.25,282.410003662109,282.880004882812,681900,266.504608154297
2021-04-13,282.510009765625,287.079986572266,281.450012207031,285.109985351562,893500,268.605560302734
2021-04-14,284.739990234375,285.350006103516,281.730010986328,282.880004882812,631700,266.504608154297
2021-04-15,284.399993896484,287.799987792969,283.510009765625,287.149993896484,778200,270.527465820312
2021-04-16,289.459991455078,289.760009765625,286.230010986328,287.480010986328,1013500,270.838409423828
2021-04-19,287.970001220703,288.420013427734,281.390014648438,284.399993896484,898400,267.936676025391
2021-04-20,283.869995117188,286.769989013672,283.690002441406,284.540008544922,755500,268.068542480469
2021-04-21,285.769989013672,289.709991455078,284.609985351562,288.630004882812,626200,271.921783447266
2021-04-22,287.440002441406,288.510009765625,284.709991455078,284.739990234375,849200,268.256958007812
2021-04-23,285.519989013672,291.109985351562,284.709991455078,290.299987792969,885600,273.495086669922
2021-04-26,290.220001220703,292.869995117188,288.5,290.179992675781,828800,273.382080078125
2021-04-27,289.730010986328,290.690002441406,287,289.790008544922,519300,273.014678955078
2021-04-28,290.089996337891,291.649993896484,288.869995117188,289.589996337891,543000,272.826232910156
2021-04-29,290.809997558594,292.579986572266,290.179992675781,292.299987792969,553600,275.379333496094
2021-04-30,291.829986572266,292.369995117188,287.839996337891,288.480010986328,906400,271.780548095703
2021-05-03,289.670013427734,291.829986572266,288.529998779297,290.190002441406,952300,273.391510009766
2021-05-04,288.549987792969,291.619995117188,288.510009765625,290.269989013672,1178600,273.466796875
2021-05-05,291.140014648438,293.660003662109,289.279998779297,292.589996337891,1131400,275.652557373047
2021-05-06,293.410003662109,295.839996337891,291.119995117188,293.649993896484,1178700,276.651184082031
2021-05-07,292.540008544922,295.320007324219,290.350006103516,290.549987792969,1214900,273.730651855469
2021-05-10,297.489990234375,302.850006103516,293.220001220703,293.529998779297,1245600,276.538116455078
2021-05-11,292.600006103516,300.989990234375,291.040008544922,300.739990234375,1217100,283.330780029297
2021-05-12,298.429992675781,299.589996337891,292.549987792969,293.160003662109,935500,276.189544677734
2021-05-13,293.140014648438,300.350006103516,293.100006103516,299.779998779297,850700,282.426330566406
2021-05-14,301.5,303.279998779297,300.470001220703,301.049987792969,698500,283.622772216797
2021-05-17,301,303.320007324219,299.589996337891,301.649993896484,592500,284.188079833984
2021-05-18,300.890014648438,302.730010986328,299.130004882812,299.630004882812,817600,282.284973144531
2021-05-19,297.670013427734,299.359985351562,295.329986572266,298.269989013672,800200,281.003784179688
2021-05-20,297.940002441406,300.089996337891,296.899993896484,297.059997558594,542300,279.863800048828
2021-05-21,298.149993896484,301.190002441406,297.899993896484,298.190002441406,672900,280.928405761719
2021-05-24,300.459991455078,300.459991455078,297.820007324219,299.570007324219,679100,282.228485107422
2021-05-25,300.790008544922,302.579986572266,298.350006103516,301.049987792969,908900,283.622772216797
2021-05-26,301.149993896484,301.570007324219,295.010009765625,297.399993896484,748000,280.18408203125
2021-05-27,298.790008544922,300.190002441406,297.549987792969,298.279998779297,1155300,281.01318359375
2021-05-28,300.529998779297,302.230010986328,298.640014648438,299.660003662109,549300,282.313293457031
2021-06-01,303.649993896484,303.959991455078,300.5,302.540008544922,736200,285.026611328125
2021-06-02,303.959991455078,306.059997558594,301.820007324219,305.660003662109,1003400,287.966003417969
2021-06-03,303.480010986328,304.260009765625,300.690002441406,304.109985351562,858700,286.505676269531
2021-06-04,304.649993896484,305.829986572266,303.769989013672,304.760009765625,820000,287.118072509766
2021-06-07,304.929992675781,305.359985351562,299.390014648438,301.809997558594,670400,284.338836669922
2021-06-08,301.220001220703,301.790008544922,297.820007324219,299.619995117188,807800,282.275604248047
2021-06-09,300.489990234375,301.75,297.209991455078,297.350006103516,778600,280.137023925781
2021-06-10,300.519989013672,301.109985351562,298.329986572266,298.600006103516,563100,281.314636230469
2021-06-11,299.670013427734,302.170013427734,299.260009765625,300.450012207031,710400,283.057586669922
2021-06-14,300.450012207031,300.450012207031,297.399993896484,299.119995117188,567700,281.804534912109
2021-06-15,301.890014648438,302.230010986328,298.440002441406,301.079986572266,1068600,283.651062011719
2021-06-16,302.470001220703,304.75,299.299987792969,300.040008544922,958800,282.671295166016
2021-06-17,299.320007324219,299.799987792969,295.029998779297,299.089996337891,786500,281.776306152344
2021-06-18,295.640014648438,297.809997558594,292,292.700012207031,1702000,275.756164550781
2021-06-21,295.399993896484,298.130004882812,294.309997558594,296.559997558594,640700,279.392730712891
2021-06-22,297.579986572266,299.359985351562,296.959991455078,298.010009765625,566400,280.7587890625
2021-06-23,297.140014648438,298.190002441406,290.640014648438,290.829986572266,936100,273.994415283203
2021-06-24,292.820007324219,293.980010986328,289.309997558594,289.929992675781,999800,273.146606445312
2021-06-25,289.829986572266,291.519989013672,288.420013427734,288.540008544922,1413600,271.837005615234
2021-06-28,289.600006103516,290.549987792969,287.119995117188,289.049987792969,921100,272.317443847656
2021-06-29,290.450012207031,291.220001220703,286.890014648438,288.290008544922,984600,271.601501464844
2021-06-30,287.119995117188,288.510009765625,286.290008544922,287.679992675781,673500,272.444366455078
2021-07-01,289.410003662109,290.339996337891,287.410003662109,288.799987792969,619400,273.504974365234
2021-07-02,288.730010986328,291.640014648438,287.670013427734,290.769989013672,541500,275.370635986328
2021-07-06,291.75,291.790008544922,285.200012207031,286.720001220703,1034800,271.535217285156
2021-07-07,287.200012207031,291.109985351562,287.200012207031,290.790008544922,639700,275.3896484375
2021-07-08,286.890014648438,289.089996337891,284,287.359985351562,807300,272.141296386719
2021-07-09,289.070007324219,291.820007324219,289.070007324219,291.670013427734,734300,276.223052978516
2021-07-12,291.640014648438,293.450012207031,290.989990234375,291.049987792969,1041300,275.635864257812
2021-07-13,290.670013427734,291.700012207031,287.989990234375,288.859985351562,580300,273.561859130859
2021-07-14,288.799987792969,291.269989013672,287.760009765625,288.140014648438,597700,272.880035400391
2021-07-15,286.649993896484,290.239990234375,286.649993896484,288.100006103516,733700,272.842071533203
2021-07-16,288.779998779297,289.350006103516,284.160003662109,285.540008544922,1496200,270.417663574219
2021-07-19,282.600006103516,283.690002441406,279,282.100006103516,1102700,267.159881591797
2021-07-20,283.019989013672,289.859985351562,282.200012207031,285.950012207031,1065600,270.805999755859
2021-07-21,286.769989013672,287.959991455078,285.820007324219,286.720001220703,721800,271.535217285156
2021-07-22,287.950012207031,289.799987792969,286.760009765625,288.459991455078,896900,273.183044433594
2021-07-23,290,290.529998779297,286.920013427734,290.290008544922,635100,274.916107177734
2021-07-26,290.829986572266,291.489990234375,287.720001220703,289.119995117188,524900,273.808044433594
2021-07-27,287.709991455078,291.450012207031,285.059997558594,288.899993896484,680200,273.599700927734
2021-07-28,288.609985351562,289.459991455078,286.670013427734,287.829986572266,654400,272.586395263672
2021-07-29,289.839996337891,290.839996337891,288.100006103516,289.670013427734,422500,274.328918457031
2021-07-30,289.549987792969,292.649993896484,289.549987792969,291.029998779297,570600,275.616973876953
2021-08-02,292.369995117188,293.660003662109,288.320007324219,288.730010986328,550500,273.438720703125
2021-08-03,289.579986572266,291.209991455078,288,290.649993896484,520500,275.257049560547
2021-08-04,287.730010986328,290.779998779297,287.549987792969,287.670013427734,595800,272.434936523438
2021-08-05,289.600006103516,292.070007324219,288.299987792969,288.720001220703,1039100,273.429260253906
2021-08-06,290.299987792969,293.109985351562,288.679992675781,290.820007324219,809500,275.418060302734
2021-08-09,290.320007324219,291.5,270.769989013672,275.75,2273400,261.146179199219
2021-08-10,274.589996337891,278.700012207031,274.589996337891,277.869995117188,1301100,263.153900146484
2021-08-11,278.079986572266,279.690002441406,274.350006103516,278.730010986328,978600,263.968353271484
2021-08-12,279.700012207031,280.359985351562,276.269989013672,277.609985351562,862600,262.907653808594
2021-08-13,277.350006103516,279.779998779297,276.570007324219,279.739990234375,604800,264.924896240234
2021-08-16,280,282.730010986328,279,281.549987792969,1334400,266.638946533203
2021-08-17,280.779998779297,281.630004882812,277.709991455078,281.410003662109,933800,266.506408691406
2021-08-18,280.600006103516,281.75,271.179992675781,272.149993896484,1184100,257.736785888672
2021-08-19,270.269989013672,272.829986572266,269.190002441406,271.390014648438,1131000,257.017059326172
2021-08-20,270.730010986328,271.290008544922,265.049987792969,267.440002441406,1624100,253.276260375977
2021-08-23,268.070007324219,271,267.100006103516,270.489990234375,1643100,256.164733886719
2021-08-24,272.420013427734,273.420013427734,269.420013427734,270.519989013672,954500,256.193115234375
2021-08-25,268.970001220703,269.670013427734,267.5,269.170013427734,1305200,254.914642333984
2021-08-26,269.380004882812,271.950012207031,267.600006103516,268.420013427734,774500,254.204376220703
2021-08-27,269.459991455078,269.989990234375,268.320007324219,268.5,551400,254.280090332031
2021-08-30,269.059997558594,271.179992675781,268.640014648438,270.200012207031,563000,255.890121459961
2021-08-31,269.799987792969,271.980010986328,269.070007324219,269.510009765625,876900,255.23664855957
2021-09-01,269.510009765625,270.589996337891,267.5,269.339996337891,543400,255.075653076172
2021-09-02,269.950012207031,271.339996337891,268.529998779297,270,453000,255.700698852539
2021-09-03,269.929992675781,270.589996337891,267.880004882812,268.279998779297,821400,254.07177734375
2021-09-07,267.850006103516,268.549987792969,266.109985351562,267.100006103516,666400,252.954223632812
2021-09-08,267.5,268.640014648438,266.100006103516,267.730010986328,864200,253.550903320312
2021-09-09,267.359985351562,269.470001220703,266.619995117188,267.119995117188,752700,252.973205566406
2021-09-10,267.670013427734,269.440002441406,266.799987792969,268,1000300,253.806610107422
2021-09-13,270.359985351562,272.029998779297,267.279998779297,269.5,1258900,255.227172851562
2021-09-14,270.640014648438,270.980010986328,267.869995117188,268.859985351562,775600,254.621032714844
2021-09-15,269.299987792969,270.779998779297,267.799987792969,269.5,1166400,255.227172851562
2021-09-16,268.269989013672,269,265.890014648438,266.420013427734,1138500,252.310333251953
2021-09-17,263.489990234375,264.440002441406,259.619995117188,261.829986572266,1702700,247.96337890625
2021-09-20,258,259.75,253.910003662109,258.179992675781,1113200,244.50666809082
2021-09-21,259.700012207031,260.279998779297,257.230010986328,257.390014648438,718300,243.758529663086
2021-09-22,258.640014648438,260.209991455078,257.579986572266,257.940002441406,631200,244.279388427734
2021-09-23,259.480010986328,261.260009765625,259.089996337891,260.410003662109,879200,246.618545532227
2021-09-24,259.440002441406,261.709991455078,258.660003662109,259.559997558594,738900,245.813583374023
2021-09-27,269,269,261.649993896484,261.910003662109,1219600,248.039123535156
2021-09-28,261.619995117188,264.089996337891,259.769989013672,262.309997558594,1195500,248.417938232422
2021-09-29,261.899993896484,263.070007324219,260.140014648438,260.220001220703,917100,246.438629150391
2021-09-30,260.220001220703,260.859985351562,256.059997558594,256.109985351562,762400,243.952529907227
2021-10-01,257.769989013672,259.299987792969,253.910003662109,257.429992675781,877000,245.209869384766
2021-10-04,256.940002441406,258.739990234375,253.479995727539,255.990005493164,1007000,243.838226318359
2021-10-05,256.109985351562,258.549987792969,254.479995727539,257.019989013672,970900,244.819351196289
2021-10-06,255,261.010009765625,251.970001220703,260.75,1310200,248.372299194336
2021-10-07,262.369995117188,266.529998779297,262.040008544922,263.350006103516,1359600,250.848831176758
2021-10-08,264.980010986328,266.369995117188,263.790008544922,265.429992675781,1162300,252.830108642578
2021-10-11,267.709991455078,272.170013427734,266.619995117188,268.730010986328,1070200,255.973480224609
2021-10-12,268.730010986328,273.559997558594,268.640014648438,272.399993896484,1266500,259.469207763672
2021-10-13,275.059997558594,279.589996337891,274.880004882812,278.420013427734,1285100,265.203491210938
2021-10-14,281.559997558594,288.679992675781,281.559997558594,287.970001220703,1575100,274.300170898438
2021-10-15,289.429992675781,294.829986572266,288.100006103516,292.700012207031,1637300,278.805633544922
2021-10-18,291.959991455078,294,290.350006103516,292.540008544922,977100,278.653198242188
2021-10-19,293,295.459991455078,291.730010986328,294.489990234375,896800,280.510620117188
2021-10-20,295.049987792969,295.820007324219,292.070007324219,293.700012207031,751100,279.758148193359
2021-10-21,293.440002441406,294,291.730010986328,293.890014648438,620000,279.939147949219
2021-10-22,294.299987792969,296.220001220703,290.850006103516,291.230010986328,898500,277.405364990234
2021-10-25,292.779998779297,295.529998779297,291.359985351562,293.920013427734,633300,279.967742919922
2021-10-26,294.5,295.989990234375,293.720001220703,294.380004882812,460100,280.405883789062
2021-10-27,294.309997558594,296,293.320007324219,294.850006103516,748500,280.853546142578
2021-10-28,295.279998779297,301.459991455078,295.279998779297,301.440002441406,1256800,287.130706787109
2021-10-29,300.019989013672,301.299987792969,298.049987792969,299.809997558594,924700,285.578125
2021-11-01,299.609985351562,300.940002441406,297.799987792969,297.989990234375,653000,283.844543457031
2021-11-02,298.489990234375,299.690002441406,296.940002441406,298.079986572266,932400,283.930236816406
2021-11-03,298.619995117188,303.209991455078,298.160003662109,302.130004882812,1270200,287.787994384766
2021-11-04,294.290008544922,301.570007324219,292.019989013672,301.209991455078,1121000,286.91162109375
2021-11-05,302.75,309.730010986328,302.079986572266,309.309997558594,1646700,294.627136230469
2021-11-08,309.779998779297,313.829986572266,307.5,312.600006103516,1634200,297.760955810547
2021-11-09,312.809997558594,315.019989013672,311.480010986328,313.839996337891,1174000,298.942077636719
2021-11-10,313.279998779297,314.859985351562,312.809997558594,314.269989013672,988700,299.351684570312
2021-11-11,314.589996337891,316.390014648438,310.390014648438,310.519989013672,1297200,295.779724121094
2021-11-12,310.869995117188,310.869995117188,309.220001220703,310,1234200,295.284362792969
2021-11-15,308.5,308.630004882812,303.059997558594,303.799987792969,1510000,289.378692626953
2021-11-16,304.730010986328,304.779998779297,301.329986572266,301.5,1610600,287.187896728516
2021-11-17,301.5,302.079986572266,297.369995117188,299.489990234375,1404300,285.273254394531
2021-11-18,300.720001220703,300.720001220703,295.989990234375,296.239990234375,846300,282.177581787109
2021-11-19,296.239990234375,299.549987792969,294.480010986328,297.739990234375,1091200,283.606353759766
2021-11-22,299.459991455078,300.140014648438,297.100006103516,297.519989013672,1099500,283.396759033203
2021-11-23,298.540008544922,302.420013427734,297.899993896484,299,1072500,284.806518554688
2021-11-24,298.329986572266,300.170013427734,297.410003662109,297.839996337891,603300,283.701599121094
2021-11-26,293.570007324219,294.410003662109,290.690002441406,293.640014648438,619600,279.700988769531
2021-11-29,295.019989013672,295.730010986328,291.200012207031,291.350006103516,853500,277.519714355469
2021-11-30,289.529998779297,291.019989013672,286.119995117188,287.440002441406,2396100,273.795288085938
2021-12-01,292.100006103516,294.290008544922,284.790008544922,284.940002441406,1184000,271.414001464844
2021-12-02,285.839996337891,289.839996337891,285.829986572266,287.429992675781,1350900,273.785766601562
2021-12-03,287.880004882812,290.700012207031,285.820007324219,288.619995117188,1199100,274.919281005859
2021-12-06,292.089996337891,294.630004882812,290.839996337891,292.890014648438,962500,278.986572265625
2021-12-07,294.040008544922,297.760009765625,293.480010986328,295.929992675781,859100,281.88232421875
2021-12-08,297,297.220001220703,292.320007324219,295.670013427734,1098900,281.634643554688
2021-12-09,290.339996337891,294.010009765625,290.339996337891,293.179992675781,1239500,279.262786865234
2021-12-10,295.910003662109,295.910003662109,292.839996337891,295.350006103516,695700,281.329772949219
2021-12-13,294.839996337891,299.489990234375,294.089996337891,297.559997558594,1008500,283.434875488281
2021-12-14,297.929992675781,299.459991455078,295.920013427734,298.200012207031,808500,284.044555664062
2021-12-15,299.079986572266,307.429992675781,298.119995117188,305.079986572266,1461000,290.597930908203
2021-12-16,305,307.010009765625,302.170013427734,303.149993896484,636800,288.759552001953
2021-12-17,302.769989013672,302.769989013672,298.010009765625,298.329986572266,1768400,284.168365478516
2021-12-20,294.790008544922,295.209991455078,290.890014648438,295.010009765625,779400,281.005950927734
2021-12-21,297.100006103516,298.709991455078,293.850006103516,295.75,636600,281.710845947266
2021-12-22,295.049987792969,297.260009765625,294.200012207031,297.160003662109,430300,283.053894042969
2021-12-23,297.399993896484,300.570007324219,297.399993896484,299.480010986328,344700,285.263732910156
2021-12-27,301.420013427734,302.359985351562,298.779998779297,302.220001220703,413600,287.873718261719
2021-12-28,303.149993896484,304.350006103516,301.809997558594,303.989990234375,354500,289.559661865234
2021-12-29,305.980010986328,306.160003662109,304.040008544922,305.399993896484,499700,290.902740478516
2021-12-30,306,306.489990234375,302.010009765625,303.890014648438,433300,289.464447021484
2021-12-31,301.970001220703,305.690002441406,301.970001220703,304.260009765625,586600,291.254455566406
2022-01-03,304.519989013672,305,295.720001220703,295.809997558594,1130100,283.165679931641
2022-01-04,300,300.709991455078,298.309997558594,299.420013427734,1667400,286.621368408203
2022-01-05,302.179992675781,309.290008544922,302.089996337891,304.239990234375,926100,291.235321044922
2022-01-06,304.209991455078,304.239990234375,297.5,298.019989013672,808500,285.281188964844
2022-01-07,298.739990234375,298.739990234375,294.149993896484,297.410003662109,945000,284.697296142578
2022-01-10,295.309997558594,296.519989013672,293.309997558594,295.100006103516,1019100,282.486053466797
2022-01-11,295.579986572266,297.600006103516,294.209991455078,297.540008544922,542000,284.82177734375
2022-01-12,298.540008544922,300.089996337891,296.140014648438,299.75,959700,286.937286376953
2022-01-13,299.119995117188,300.179992675781,293.920013427734,294.290008544922,788400,281.710662841797
2022-01-14,292.190002441406,292.769989013672,289.200012207031,291.350006103516,1478500,278.896331787109
2022-01-18,288.920013427734,288.920013427734,284.239990234375,286.600006103516,1086600,274.349365234375
2022-01-19,287.320007324219,289.989990234375,285.299987792969,285.570007324219,814500,273.363433837891
2022-01-20,285.559997558594,290.769989013672,285.559997558594,286.980010986328,1073700,274.713104248047
2022-01-21,287.170013427734,287.320007324219,281.959991455078,282.470001220703,1503900,270.395904541016
2022-01-24,279.140014648438,284,274.040008544922,282.809997558594,1351800,270.721374511719
2022-01-25,278.739990234375,281.200012207031,274.630004882812,279.429992675781,788100,267.48583984375
2022-01-26,281.299987792969,282.089996337891,273.869995117188,276.410003662109,1171100,264.594940185547
2022-01-27,278.470001220703,280.709991455078,272.600006103516,275.850006103516,1062100,264.058898925781
2022-01-28,274.970001220703,277.649993896484,272.059997558594,277.630004882812,1025200,265.762786865234
2022-01-31,276.679992675781,282.489990234375,276.209991455078,282.119995117188,1234300,270.060821533203
2022-02-01,283,285.040008544922,281.209991455078,284.630004882812,990800,272.463562011719
2022-02-02,284.429992675781,286.519989013672,283.25,284.350006103516,930000,272.195587158203
2022-02-03,282.220001220703,284.450012207031,279.910003662109,280.880004882812,1089500,268.873901367188
2022-02-04,268.380004882812,269,260.670013427734,263.079986572266,2883400,251.834732055664
2022-02-07,257.670013427734,260.829986572266,254.179992675781,254.380004882812,2333700,243.506591796875
2022-02-08,252,256.019989013672,251.25,252.809997558594,2899200,242.003707885742
2022-02-09,256.160003662109,260.049987792969,255.199996948242,259.359985351562,1482800,248.273712158203
2022-02-10,258.029998779297,260.980010986328,251.149993896484,252.380004882812,1739100,241.592071533203
2022-02-11,251.009994506836,251.660003662109,243.800003051758,244.389999389648,1691500,233.943618774414
2022-02-14,245.059997558594,245.910003662109,240.380004882812,243.490005493164,1730500,233.082092285156
2022-02-15,245.830001831055,248.919998168945,245.410003662109,247.830001831055,1317400,237.236587524414
2022-02-16,246.970001220703,248.309997558594,243.520004272461,245.339996337891,1470600,234.852981567383
2022-02-17,243.490005493164,245,239.710006713867,240.610000610352,1005000,230.325180053711
2022-02-18,239.839996337891,244.380004882812,239.5,241.970001220703,2170700,231.627075195312
2022-02-22,241.940002441406,241.940002441406,235.970001220703,238.110000610352,1191100,227.932067871094
2022-02-23,239.429992675781,240,234.419998168945,234.669998168945,955500,224.639099121094
2022-02-24,229,235.990005493164,228.440002441406,235.130004882812,1634500,225.07942199707
2022-02-25,236.419998168945,241.389999389648,236.240005493164,240.380004882812,1241200,230.105010986328
2022-02-28,237.320007324219,239.009994506836,233.919998168945,236.300003051758,1762500,226.199417114258
2022-03-01,235.949996948242,236.889999389648,229.240005493164,230.529998779297,2109200,220.676055908203
2022-03-02,232.259994506836,234.550003051758,229.779998779297,233.330001831055,2961600,223.356369018555
2022-03-03,235.610000610352,235.759994506836,230.5,231.860000610352,1743700,221.949203491211
2022-03-04,229.5,231.869995117188,225.139999389648,228.429992675781,1414300,218.665832519531
2022-03-07,229.279998779297,229.669998168945,221,221.5,1796000,212.032043457031
2022-03-08,221.509994506836,225.110000610352,216.240005493164,218.770004272461,1867300,209.418731689453
2022-03-09,225.259994506836,229.720001220703,224.449996948242,227,1433800,217.296951293945
2022-03-10,223.470001220703,227.949996948242,222.539993286133,227.600006103516,1538800,217.871307373047
2022-03-11,229.940002441406,230.869995117188,219.289993286133,219.380004882812,1488900,210.002670288086
2022-03-14,220.169998168945,222.369995117188,216.410003662109,218.270004272461,2595400,208.94010925293
2022-03-15,220.029998779297,222.809997558594,216.440002441406,222.630004882812,2133500,213.11376953125
2022-03-16,226.369995117188,228.5,220.259994506836,224.600006103516,1498200,214.999542236328
2022-03-17,224.399993896484,228.589996337891,223.330001831055,228.550003051758,1431800,218.780700683594
2022-03-18,228.770004272461,232.460006713867,226.800003051758,231.669998168945,3187600,221.767349243164
2022-03-21,237,239.110000610352,232.570007324219,234.199996948242,1642200,224.189193725586
2022-03-22,235.449996948242,237.5,235.080001831055,236.539993286133,1192400,226.429153442383
2022-03-23,235.600006103516,239.449996948242,234.419998168945,235.240005493164,1393500,225.18473815918
2022-03-24,236.880004882812,242.440002441406,235.809997558594,242.410003662109,1296700,232.048263549805
2022-03-25,242.649993896484,247.410003662109,242.649993896484,246.559997558594,1782000,236.020843505859
2022-03-28,246.600006103516,249.970001220703,245.639999389648,248.309997558594,1565200,237.696044921875
2022-03-29,251.119995117188,253.270004272461,248.360000610352,252.339996337891,1750700,241.553802490234
2022-03-30,251.210006713867,253.539993286133,250.619995117188,253.160003662109,1234100,242.338745117188
2022-03-31,250.740005493164,252.570007324219,249.039993286133,249.910003662109,1179100,240.76838684082
2022-04-01,251.059997558594,253.25,247.619995117188,248.990005493164,1473300,239.882019042969
2022-04-04,249.979995727539,253.110000610352,247.050003051758,252.649993896484,1224100,243.408142089844
2022-04-05,251.639999389648,253.729995727539,251.100006103516,251.679992675781,1132700,242.4736328125
2022-04-06,250,251.429992675781,246.759994506836,250.100006103516,1100000,240.951431274414
2022-04-07,249.630004882812,252.070007324219,248.460006713867,251.369995117188,1062700,242.174957275391
2022-04-08,252,254.289993286133,250.779998779297,251.199996948242,905800,242.011169433594
2022-04-11,251.199996948242,252.240005493164,249.570007324219,249.830001831055,1000500,240.691299438477
2022-04-12,250.639999389648,253.139999389648,247.360000610352,247.779998779297,1417700,238.716278076172
2022-04-13,248.199996948242,250,246.190002441406,249.919998168945,729300,240.777984619141
2022-04-14,250.179992675781,251.759994506836,246.520004272461,246.839996337891,1208200,237.810653686523
2022-04-18,245.679992675781,246.839996337891,242.429992675781,246,1583400,237.001388549805
2022-04-19,246.149993896484,250.539993286133,245.399993896484,249.570007324219,1157400,240.440811157227
2022-04-20,250.029998779297,251.779998779297,246.289993286133,248.740005493164,1414100,239.641174316406
2022-04-21,251.330001831055,254.389999389648,249.990005493164,251.139999389648,1267000,241.953353881836
2022-04-22,249.929992675781,250,242.529998779297,242.919998168945,1203800,234.034057617188
2022-04-25,242.220001220703,244.339996337891,237.720001220703,242.759994506836,1202600,233.8798828125
2022-04-26,242.369995117188,244.220001220703,235.220001220703,235.630004882812,988500,227.010726928711
2022-04-27,236.419998168945,241.429992675781,236.419998168945,238.25,1080700,229.534881591797
2022-04-28,239.830001831055,242.070007324219,234.830001831055,240.479995727539,1516400,231.683319091797
2022-04-29,240.300003051758,241.580001831055,233.270004272461,234.070007324219,1888000,225.507781982422
2022-05-02,235.610000610352,238.149993896484,230.919998168945,235.399993896484,972400,226.789123535156
2022-05-03,235.399993896484,240.350006103516,235.179992675781,239.100006103516,1028500,230.353805541992
2022-05-04,238.149993896484,247.490005493164,238.149993896484,247.490005493164,1142700,238.436889648438
2022-05-05,247.559997558594,254,233.770004272461,235.979995727539,1446900,227.347930908203
2022-05-06,235.860000610352,237.470001220703,230.190002441406,235.820007324219,1293800,227.193771362305
2022-05-09,231.869995117188,236.529998779297,231.039993286133,233.220001220703,1272700,224.688873291016
2022-05-10,234.710006713867,236.820007324219,225.279998779297,230.679992675781,1504300,222.241790771484
2022-05-11,229.910003662109,235.910003662109,228.399993896484,232.889999389648,1276000,224.370941162109
2022-05-12,228.289993286133,234.639999389648,227.380004882812,231.410003662109,1391500,222.945114135742
2022-05-13,232.899993896484,234.990005493164,231.070007324219,233.710006713867,661800,225.16096496582
2022-05-16,232.929992675781,234.639999389648,229.380004882812,232.919998168945,880900,224.399856567383
2022-05-17,238.240005493164,239.940002441406,233.639999389648,239.580001831055,893500,230.816223144531
2022-05-18,237.059997558594,237.5,233.380004882812,234.470001220703,874300,225.893157958984
2022-05-19,232.740005493164,236.809997558594,231.690002441406,234.220001220703,725200,225.652297973633
2022-05-20,237.360000610352,237.740005493164,231.130004882812,237.589996337891,1032800,228.899017333984
2022-05-23,240.220001220703,241.009994506836,235.190002441406,237.949996948242,747600,229.245864868164
2022-05-24,238.860000610352,239.020004272461,233.449996948242,236.820007324219,729700,228.157180786133
2022-05-25,239.190002441406,239.529998779297,233.960006713867,236.419998168945,884400,227.771820068359
2022-05-26,236.669998168945,243.410003662109,236.669998168945,242.490005493164,866100,233.61979675293
2022-05-27,245.949996948242,250.649993896484,244.490005493164,250.649993896484,957200,241.481292724609
2022-05-31,247.660003662109,250.050003051758,245.669998168945,246.160003662109,1407100,237.155548095703
2022-06-01,247.429992675781,248.229995727539,241.369995117188,243.509994506836,911900,234.602493286133
2022-06-02,246.25,253.050003051758,246.050003051758,252.850006103516,941700,243.600814819336
2022-06-03,250.059997558594,254.309997558594,250.059997558594,252.270004272461,935700,243.042053222656
2022-06-06,255,259,254.309997558594,257.450012207031,1149200,248.032577514648
2022-06-07,256.429992675781,261.119995117188,254.820007324219,260.790008544922,1377600,251.250350952148
2022-06-08,258.589996337891,262.070007324219,252.240005493164,252.380004882812,1647300,243.148010253906
2022-06-09,250,257.170013427734,249.660003662109,253.619995117188,1444600,244.342651367188
2022-06-10,249.080001831055,251.979995727539,246.619995117188,248.199996948242,1584000,239.120895385742
2022-06-13,244.179992675781,244.860000610352,239.889999389648,242.690002441406,1615400,233.812469482422
2022-06-14,242,243.699996948242,237.539993286133,239.220001220703,1097900,230.46940612793
2022-06-15,241.520004272461,244.410003662109,236.110000610352,239.289993286133,1085800,230.536834716797
2022-06-16,234.610000610352,236.669998168945,231.610000610352,235.100006103516,1014600,226.500122070312
2022-06-17,236.070007324219,237.970001220703,230.509994506836,235.970001220703,2127000,227.338302612305
2022-06-21,238.399993896484,241.369995117188,237.520004272461,241.009994506836,1147400,232.193923950195
2022-06-22,236.380004882812,241.869995117188,235.240005493164,241,953400,232.184280395508
2022-06-23,240.470001220703,242.779998779297,238.509994506836,242.059997558594,1177300,233.205505371094
2022-06-24,244.880004882812,252.600006103516,243.949996948242,252.080001831055,1529400,242.858993530273
2022-06-27,251.419998168945,252.699996948242,245.679992675781,246.179992675781,916300,237.1748046875
2022-06-28,245.889999389648,248.5,241.919998168945,242.509994506836,778700,233.639038085938
2022-06-29,242.130004882812,244.070007324219,240.110000610352,243.130004882812,794400,234.236389160156
2022-06-30,237.649993896484,242.009994506836,233.820007324219,240.479995727539,1199400,233.237396240234
2022-07-01,238.940002441406,242.789993286133,237.660003662109,242.75,1021300,235.439041137695
2022-07-05,238,239.979995727539,236.330001831055,239.970001220703,1232700,232.742752075195
2022-07-06,240.259994506836,240.259994506836,234.330001831055,237.220001220703,1396100,230.075576782227
2022-07-07,237.610000610352,239.820007324219,234.080001831055,235.820007324219,1016600,228.717742919922
2022-07-08,234.899993896484,235.75,231.389999389648,232.210006713867,1049500,225.216461181641
2022-07-11,231.330001831055,235.360000610352,230.240005493164,234.089996337891,801400,227.039840698242
2022-07-12,234.679992675781,235.169998168945,229.850006103516,231.929992675781,2143400,224.944885253906
2022-07-13,228.330001831055,230.229995727539,226.410003662109,227.990005493164,891700,221.123565673828
2022-07-14,225,225.339996337891,218.880004882812,221.979995727539,2059600,215.294540405273
2022-07-15,225.660003662109,226.440002441406,223.850006103516,225.199996948242,1444800,218.417572021484
2022-07-18,226.75,228.380004882812,222.789993286133,223.559997558594,1074800,216.82698059082
2022-07-19,226.070007324219,230.020004272461,224.960006713867,230,1255500,223.073028564453
2022-07-20,229.710006713867,232.179992675781,228.779998779297,231.630004882812,914900,224.653930664062
2022-07-21,232.199996948242,234.740005493164,231.190002441406,234.589996337891,853500,227.524780273438
2022-07-22,235.699996948242,236.020004272461,233.789993286133,234.559997558594,540300,227.495697021484
2022-07-25,235.389999389648,235.589996337891,233.699996948242,235.210006713867,581100,228.126113891602
2022-07-26,233.789993286133,235.429992675781,233.059997558594,234.630004882812,652100,227.563583374023
2022-07-27,234.630004882812,238.839996337891,232.479995727539,237.889999389648,782500,230.725387573242
2022-07-28,239.410003662109,244.339996337891,238.740005493164,244.229995727539,792900,236.874450683594
2022-07-29,245.860000610352,249.690002441406,245.850006103516,248.229995727539,1034300,240.753967285156
2022-08-01,247,247.839996337891,244.600006103516,247.25,1075500,239.803497314453
2022-08-02,245.740005493164,246.919998168945,240.419998168945,244.119995117188,1026900,236.767761230469
2022-08-03,245.350006103516,246.279998779297,242.520004272461,245.710006713867,1401100,238.309906005859
2022-08-04,248.100006103516,260.170013427734,248.100006103516,257.730010986328,1785800,249.967864990234
2022-08-05,256.720001220703,262.940002441406,256.160003662109,262.640014648438,1406400,254.730026245117
2022-08-08,264,266.450012207031,261.600006103516,261.769989013672,1158100,253.886184692383
2022-08-09,261.760009765625,261.859985351562,258.350006103516,258.760009765625,826300,250.966842651367
2022-08-10,265.869995117188,268.190002441406,265.019989013672,265.630004882812,838600,257.629943847656
2022-08-11,267.200012207031,268.290008544922,264.160003662109,264.809997558594,829400,256.834655761719
2022-08-12,266.859985351562,271.700012207031,265.549987792969,270.880004882812,893900,262.721801757812
2022-08-15,270.880004882812,274.890014648438,270.160003662109,274.109985351562,1115300,265.854553222656
2022-08-16,272.200012207031,274.630004882812,271.709991455078,273.540008544922,879100,265.301696777344
2022-08-17,270.380004882812,272.179992675781,266.820007324219,268,1169900,259.928558349609
2022-08-18,268.859985351562,268.959991455078,266.950012207031,267.600006103516,727000,259.540618896484
2022-08-19,267,267.600006103516,262.390014648438,263.700012207031,932700,255.758102416992
2022-08-22,260.309997558594,261.760009765625,259.279998779297,260.910003662109,674000,253.052108764648
2022-08-23,259.459991455078,262.369995117188,259.359985351562,261.320007324219,810300,253.449768066406
2022-08-24,261.790008544922,263.839996337891,260.829986572266,262.720001220703,568300,254.807601928711
2022-08-25,263.929992675781,266.679992675781,262.160003662109,266.589996337891,619600,258.56103515625
2022-08-26,267.299987792969,267.980010986328,262.109985351562,262.230010986328,1064100,254.332366943359
2022-08-29,259.989990234375,263.010009765625,259.339996337891,260.700012207031,635700,252.848419189453
2022-08-30,262.299987792969,262.299987792969,255.550003051758,255.850006103516,864500,248.144515991211
2022-08-31,257.470001220703,257.649993896484,252.350006103516,252.449996948242,1164900,244.846878051758
2022-09-01,250.509994506836,251.389999389648,248.5,250,918100,242.470672607422
2022-09-02,253.580001831055,253.960006713867,245.830001831055,246.529998779297,1311700,239.105194091797
2022-09-06,248.059997558594,248.279998779297,244.690002441406,246.169998168945,1179100,238.756011962891
2022-09-07,246.440002441406,254.050003051758,246.169998168945,253.779998779297,1037000,246.136825561523
2022-09-08,251.149993896484,254.240005493164,250.059997558594,253.830001831055,549500,246.185333251953
2022-09-09,255.380004882812,257.350006103516,254.389999389648,256.970001220703,704800,249.230773925781
2022-09-12,259.010009765625,264.010009765625,258.140014648438,263.5,877000,255.564102172852
2022-09-13,258,260.390014648438,255.550003051758,256.079986572266,831300,248.367553710938
2022-09-14,255.529998779297,256.149993896484,252.630004882812,255.179992675781,690100,247.494674682617
2022-09-15,254.839996337891,255.039993286133,248.179992675781,248.470001220703,706800,240.986755371094
2022-09-16,248.089996337891,248.199996948242,244.089996337891,247.360000610352,1497600,239.910186767578
2022-09-19,244.800003051758,249.649993896484,244.770004272461,249.380004882812,714900,241.869354248047
2022-09-20,246.429992675781,247,243.339996337891,244.889999389648,605900,237.514556884766
2022-09-21,246.479995727539,248.029998779297,241.399993896484,241.460006713867,573300,234.187896728516
2022-09-22,241.929992675781,242.399993896484,238.429992675781,238.520004272461,877600,231.336441040039
2022-09-23,235.789993286133,237.309997558594,233.410003662109,237.070007324219,1135000,229.930099487305
2022-09-26,235.289993286133,236.429992675781,230.539993286133,231.5,1171700,224.52783203125
2022-09-27,234.279998779297,235.869995117188,228.360000610352,230.759994506836,1088500,223.810119628906
2022-09-28,232.309997558594,236.490005493164,230.929992675781,234.970001220703,948500,227.893356323242
2022-09-29,232.809997558594,233.899993896484,229.220001220703,231.759994506836,1114300,224.779998779297
2022-09-30,231.389999389648,235.720001220703,230.5,232.729995727539,1520600,227.309677124023
2022-10-03,234.910003662109,240.220001220703,233.289993286133,238.330001831055,1027500,232.779266357422
2022-10-04,241.440002441406,248.809997558594,240.789993286133,247.960006713867,1334500,242.184997558594
2022-10-05,245.660003662109,246.339996337891,242.669998168945,242.800003051758,1097800,237.145172119141
2022-10-06,241.169998168945,242.759994506836,237.889999389648,238.589996337891,965400,233.033218383789
2022-10-07,235.899993896484,236.949996948242,230.009994506836,231.75,1046900,226.352523803711
2022-10-10,233.190002441406,234.600006103516,231.220001220703,232.440002441406,748700,227.026458740234
2022-10-11,231.910003662109,233.639999389648,229.779998779297,231.210006713867,618100,225.825103759766
2022-10-12,231.929992675781,233.979995727539,229.169998168945,229.320007324219,893900,223.979125976562
2022-10-13,225.949996948242,239.059997558594,224.75,237.990005493164,898900,232.447204589844
2022-10-14,239.350006103516,240.830001831055,232.160003662109,232.529998779297,711200,227.114364624023
2022-10-17,237.220001220703,239.429992675781,236.25,237.360000610352,728500,231.83186340332
2022-10-18,244.770004272461,245.220001220703,240.509994506836,242.369995117188,823000,236.725173950195
2022-10-19,241.669998168945,244.210006713867,239.949996948242,241.449996948242,710200,235.826614379883
2022-10-20,241.669998168945,243.5,237.929992675781,238.320007324219,716200,232.769515991211
2022-10-21,238.179992675781,242.279998779297,235.699996948242,241.289993286133,1157200,235.670318603516
2022-10-24,243.389999389648,245.910003662109,241.880004882812,243.919998168945,1758000,238.239074707031
2022-10-25,245.070007324219,251.559997558594,243.419998168945,251.559997558594,1350900,245.701141357422
2022-10-26,252.75,254.839996337891,251.460006713867,252.020004272461,1242200,246.150436401367
2022-10-27,251.940002441406,252.699996948242,248.630004882812,249.059997558594,987100,243.259384155273
2022-10-28,249.059997558594,255.410003662109,248.110000610352,254.440002441406,921000,248.514068603516
2022-10-31,252.490005493164,254,249.089996337891,250.399993896484,1342200,244.568145751953
2022-11-01,252.940002441406,254.779998779297,249.970001220703,252.119995117188,872600,246.248107910156
2022-11-02,252.839996337891,254.800003051758,244.820007324219,245.169998168945,1471500,239.4599609375
2022-11-03,248.740005493164,266.239990234375,247.130004882812,264.019989013672,2524600,257.870971679688
2022-11-04,269.25,276.470001220703,266.820007324219,276.059997558594,2038000,269.630523681641
2022-11-07,277.820007324219,280.070007324219,275.829986572266,277.630004882812,1367800,271.163970947266
2022-11-08,278.959991455078,284.779998779297,277.769989013672,283,1406200,276.408874511719
2022-11-09,282.890014648438,285.429992675781,279.809997558594,280.130004882812,1100800,273.605743408203
2022-11-10,289.730010986328,289.850006103516,285.570007324219,289.589996337891,1063800,282.845428466797
2022-11-11,290.670013427734,292.459991455078,287.829986572266,288.459991455078,1107500,281.741760253906
2022-11-14,288,297.769989013672,288,294.890014648438,1738700,288.022003173828
2022-11-15,296.410003662109,297.910003662109,291.559997558594,294.540008544922,942200,287.680145263672
2022-11-16,294.540008544922,297.079986572266,293.299987792969,295.119995117188,807400,288.24658203125
2022-11-17,291.380004882812,293.440002441406,290.140014648438,293.299987792969,721400,286.469024658203
2022-11-18,296,296.980010986328,293.559997558594,296.480010986328,1328200,289.574981689453
2022-11-21,294.570007324219,297.559997558594,294.179992675781,296.410003662109,735300,289.506591796875
2022-11-22,298,309.570007324219,297.170013427734,309.160003662109,1412700,301.959625244141
2022-11-23,309,310.380004882812,305.890014648438,308.149993896484,1150800,300.97314453125
2022-11-25,308.720001220703,311.130004882812,307.709991455078,309.910003662109,299700,302.692169189453
2022-11-28,307.720001220703,309.380004882812,303.329986572266,304.459991455078,932100,297.369110107422
2022-11-29,304.829986572266,306.179992675781,300.970001220703,302.179992675781,954600,295.142211914062
2022-11-30,300.980010986328,310.390014648438,298.779998779297,310.160003662109,1901100,302.936370849609
2022-12-01,310.350006103516,313.049987792969,308.760009765625,312.040008544922,995300,304.772583007812
2022-12-02,310.630004882812,320.619995117188,310,318.440002441406,1314200,311.023529052734
2022-12-05,315.739990234375,318,313.359985351562,314.970001220703,1192300,307.634307861328
2022-12-06,313.760009765625,315.279998779297,309.869995117188,312.100006103516,1295700,304.831176757812
2022-12-07,312.559997558594,315.769989013672,312,315.579986572266,1130700,308.230102539062
2022-12-08,316.839996337891,320.959991455078,316.700012207031,319.859985351562,1059100,312.410430908203
2022-12-09,319.739990234375,320.450012207031,313.579986572266,314.410003662109,1150000,307.087341308594
2022-12-12,313.059997558594,320.179992675781,313.059997558594,319.510009765625,1163000,312.068572998047
2022-12-13,327.829986572266,328.559997558594,321.809997558594,325.25,1075400,317.674896240234
2022-12-14,324.660003662109,327.929992675781,321.869995117188,325.119995117188,1191700,317.547882080078
2022-12-15,319.510009765625,320.399993896484,314.269989013672,316.239990234375,1014800,308.874725341797
2022-12-16,316.269989013672,317.609985351562,311.75,316.420013427734,2425800,309.050567626953
2022-12-19,314.709991455078,317.040008544922,311.859985351562,313.720001220703,835300,306.413452148438
2022-12-20,314.329986572266,314.890014648438,310.820007324219,312.540008544922,779100,305.260925292969
2022-12-21,314.489990234375,317.149993896484,313.5,314.489990234375,860600,307.165496826172
2022-12-22,312.420013427734,312.760009765625,307.640014648438,312.600006103516,953500,305.319549560547
2022-12-23,311.899993896484,312.600006103516,309.859985351562,312.040008544922,544200,304.772583007812
2022-12-27,313.269989013672,314.200012207031,311.519989013672,312.200012207031,1438000,304.928833007812
2022-12-28,312.5,313.760009765625,309.279998779297,309.640014648438,439700,302.428466796875
2022-12-29,311,312.640014648438,310.200012207031,311.410003662109,564400,304.1572265625
2022-12-30,308.390014648438,309.489990234375,304.679992675781,308.260009765625,534700,302.655090332031
2023-01-03,310.059997558594,311.769989013672,303.899993896484,306.570007324219,1020300,300.995788574219
2023-01-04,305.940002441406,308.410003662109,304,306.589996337891,966000,301.015411376953
2023-01-05,302.640014648438,304.690002441406,300.309997558594,301.820007324219,1715500,296.332153320312
2023-01-06,305.170013427734,311.660003662109,303.019989013672,310.179992675781,873400,304.540130615234
2023-01-09,309.890014648438,314.470001220703,306.029998779297,311.670013427734,1436500,306.003082275391
2023-01-10,309.980010986328,312.829986572266,308.149993896484,312.670013427734,608400,306.984893798828
2023-01-11,315.149993896484,316.589996337891,312.160003662109,312.769989013672,835100,307.083038330078
2023-01-12,312.769989013672,314.010009765625,308.899993896484,310.209991455078,1194800,304.569610595703
2023-01-13,307.859985351562,311.910003662109,307.070007324219,311.399993896484,787900,305.737976074219
2023-01-17,312,312,306.010009765625,306.380004882812,1252900,300.809234619141
2023-01-18,308.25,308.25,302.049987792969,302.890014648438,793200,297.382720947266
2023-01-19,302.589996337891,303.390014648438,298.190002441406,299.890014648438,889000,294.437255859375
2023-01-20,301.25,304.579986572266,298.359985351562,304.399993896484,1197900,298.865234375
2023-01-23,303.869995117188,309.559997558594,302.730010986328,308.720001220703,881700,303.106719970703
2023-01-24,308.369995117188,313.980010986328,306.910003662109,313.339996337891,745000,307.642669677734
2023-01-25,308.970001220703,313.149993896484,308.339996337891,312.049987792969,707300,306.376129150391
2023-01-26,311.440002441406,316.899993896484,310,316.609985351562,733600,310.853240966797
2023-01-27,314.059997558594,316.399993896484,312.010009765625,314.149993896484,876600,308.437957763672
2023-01-30,313.559997558594,318.140014648438,313.369995117188,313.899993896484,846000,308.192535400391
2023-01-31,314.920013427734,320.899993896484,314.170013427734,320.510009765625,1911700,314.682373046875
2023-02-01,319.109985351562,320.420013427734,314.390014648438,318.130004882812,1357900,312.345611572266
2023-02-02,295.359985351562,299.339996337891,288.540008544922,295.5,2988400,290.127075195312
2023-02-03,291.989990234375,293.489990234375,283.239990234375,285.019989013672,2876300,279.837615966797
2023-02-06,284.019989013672,286.549987792969,280.170013427734,283.029998779297,1259900,277.883819580078
2023-02-07,281.709991455078,285.790008544922,280.559997558594,285.070007324219,1329200,279.88671875
2023-02-08,284.450012207031,291.040008544922,284.450012207031,287.239990234375,1349700,282.017242431641
2023-02-09,289.910003662109,290.320007324219,286.140014648438,286.890014648438,945400,281.673645019531
2023-02-10,286.290008544922,289.029998779297,283.619995117188,287.820007324219,859500,282.586730957031
2023-02-13,288.720001220703,289.350006103516,285.769989013672,286.700012207031,698000,281.487091064453
2023-02-14,286.230010986328,286.619995117188,278.799987792969,281.489990234375,1689100,276.371826171875
2023-02-15,280,285.570007324219,278.040008544922,284.459991455078,2623500,279.287780761719
2023-02-16,280.429992675781,284.269989013672,279.399993896484,280.730010986328,650800,275.625640869141
2023-02-17,279.290008544922,280.829986572266,277.510009765625,279.709991455078,1141000,274.624176025391
2023-02-21,279.549987792969,280.149993896484,276.570007324219,277.510009765625,880900,272.464202880859
2023-02-22,278.989990234375,280.149993896484,274.109985351562,278.290008544922,1148600,273.230010986328
2023-02-23,279.170013427734,280.709991455078,273.920013427734,279.720001220703,1377300,274.634002685547
2023-02-24,275.769989013672,282.290008544922,275,280.980010986328,1507900,275.871063232422
2023-02-27,282.440002441406,287.649993896484,282.440002441406,285.420013427734,1017900,280.230377197266
2023-02-28,285,287.079986572266,284.899993896484,285.980010986328,1038200,280.780151367188
2023-03-01,285.070007324219,291.579986572266,284.690002441406,288.279998779297,1038100,283.038360595703
2023-03-02,287.579986572266,293.570007324219,286.600006103516,292.029998779297,1092800,286.720153808594
2023-03-03,293.089996337891,294.899993896484,290.720001220703,294.779998779297,929100,289.420135498047
2023-03-06,292.709991455078,295.059997558594,292.480010986328,293.119995117188,631100,287.790344238281
2023-03-07,294.260009765625,295.600006103516,289.760009765625,291.390014648438,893300,286.091827392578
2023-03-08,291.799987792969,291.940002441406,288.170013427734,290.040008544922,695600,284.766357421875
2023-03-09,291.200012207031,291.809997558594,282.769989013672,284.079986572266,756700,278.914703369141
2023-03-10,284.179992675781,286.309997558594,280,281.269989013672,860900,276.155792236328
2023-03-13,281.989990234375,285.489990234375,280.329986572266,280.989990234375,980700,275.880859375
2023-03-14,284.640014648438,289.989990234375,283.040008544922,285.899993896484,1814500,280.701629638672
2023-03-15,281.010009765625,281.890014648438,274.200012207031,277.040008544922,1293200,272.002716064453
2023-03-16,275.399993896484,281.209991455078,275.010009765625,279.649993896484,9e+05,274.565246582031
2023-03-17,280.290008544922,280.290008544922,273.839996337891,274.739990234375,1545600,269.744567871094
2023-03-20,276.470001220703,280.459991455078,275.690002441406,279.209991455078,726400,274.133239746094
2023-03-21,282.359985351562,283.209991455078,275.399993896484,278.809997558594,967000,273.740539550781
2023-03-22,279.450012207031,280.869995117188,275.140014648438,275.359985351562,1023300,270.353271484375
2023-03-23,275.709991455078,276.410003662109,265.899993896484,266.940002441406,2001900,262.086395263672
2023-03-24,265.429992675781,268.589996337891,263.890014648438,267.670013427734,1329500,262.803100585938
2023-03-27,271.059997558594,274.109985351562,268.350006103516,270.190002441406,1078500,265.277252197266
2023-03-28,270.140014648438,274.850006103516,269.609985351562,273.540008544922,743400,268.56640625
2023-03-29,276.299987792969,277.260009765625,275,276.329986572266,751800,271.305633544922
2023-03-30,278.309997558594,280.380004882812,277.070007324219,279.720001220703,808600,274.634002685547
2023-03-31,278.869995117188,287.549987792969,278.140014648438,287.209991455078,1487400,283.763092041016
2023-04-03,286.570007324219,289.320007324219,285.519989013672,289.040008544922,1173700,285.571166992188
2023-04-04,288,288.910003662109,283.989990234375,285.25,1256600,281.826629638672
2023-04-05,283.730010986328,286.890014648438,281.850006103516,283.880004882812,943800,280.473083496094
2023-04-06,282.339996337891,283.649993896484,280.619995117188,282,869200,278.615631103516
2023-04-10,280.980010986328,283.440002441406,279.480010986328,283.429992675781,768400,280.028442382812
2023-04-11,284.299987792969,287.529998779297,283.239990234375,285.329986572266,598400,281.905670166016
2023-04-12,287.119995117188,288.989990234375,286.220001220703,287.170013427734,464400,283.723602294922
2023-04-13,287.450012207031,290.130004882812,285.089996337891,288.140014648438,552500,284.681945800781
2023-04-14,287.019989013672,289.329986572266,284.950012207031,286.209991455078,485500,282.775115966797
2023-04-17,287.029998779297,287.899993896484,283.959991455078,286.200012207031,500600,282.765258789062
2023-04-18,287.359985351562,288.010009765625,286.470001220703,287.779998779297,598400,284.326263427734
2023-04-19,287.049987792969,290.570007324219,286.119995117188,290.5,521100,287.013610839844
2023-04-20,289.399993896484,293.429992675781,288.320007324219,292.459991455078,691700,288.950103759766
2023-04-21,291.709991455078,293.510009765625,289.679992675781,290.570007324219,1026500,287.082794189453
2023-04-24,291.299987792969,293.350006103516,290.609985351562,293.299987792969,626800,289.779998779297
2023-04-25,292.190002441406,292.399993896484,289.100006103516,289.940002441406,550800,286.460357666016
2023-04-26,288.350006103516,289.769989013672,283.540008544922,285.679992675781,847300,282.25146484375
2023-04-27,288.149993896484,292.25,286.850006103516,291.380004882812,977500,287.883087158203
2023-04-28,291.010009765625,295.179992675781,290.200012207031,294.359985351562,930900,290.827270507812
2023-05-01,294.899993896484,297.5,294.899993896484,296.179992675781,450200,292.625457763672
2023-05-02,293.559997558594,294.769989013672,288.929992675781,292.630004882812,818700,289.118072509766
2023-05-03,293.549987792969,297.730010986328,292.230010986328,293.890014648438,703400,290.362945556641
2023-05-04,294.049987792969,295.200012207031,290.190002441406,291.070007324219,710500,287.576782226562
2023-05-05,292.809997558594,297.899993896484,291.920013427734,296.700012207031,730900,293.139221191406
2023-05-08,297.989990234375,299.880004882812,294.329986572266,295.579986572266,1027100,292.032653808594
2023-05-09,295.989990234375,297,278.739990234375,279.940002441406,1863000,276.580352783203
2023-05-10,281.079986572266,285.519989013672,278.619995117188,280.950012207031,1199800,277.578247070312
2023-05-11,278.390014648438,278.619995117188,274.369995117188,276.549987792969,1234500,273.231018066406
2023-05-12,277.609985351562,279.160003662109,275.109985351562,278,694900,274.663635253906
2023-05-15,278.609985351562,279.839996337891,276.390014648438,279.290008544922,678300,275.938171386719
2023-05-16,277.929992675781,279.380004882812,273.149993896484,275.589996337891,663500,272.282562255859
2023-05-17,276.070007324219,277.450012207031,275.070007324219,276.200012207031,770200,272.88525390625
2023-05-18,275.690002441406,276.140014648438,270.730010986328,275.450012207031,788700,272.144256591797
2023-05-19,276.739990234375,280.380004882812,276.190002441406,278.910003662109,1072000,275.562713623047
2023-05-22,279.450012207031,281.339996337891,274.670013427734,275,608100,271.699645996094
2023-05-23,273.109985351562,274.010009765625,270.920013427734,271.5,713600,268.241638183594
2023-05-24,270.320007324219,271.320007324219,269.010009765625,270.839996337891,648600,267.589569091797
2023-05-25,272.720001220703,273.170013427734,270.850006103516,272.119995117188,779600,268.854217529297
2023-05-26,273.339996337891,274.890014648438,272.100006103516,273.829986572266,940900,270.543670654297
2023-05-30,276.220001220703,276.380004882812,271.630004882812,274.070007324219,765100,270.780792236328
2023-05-31,273.359985351562,273.890014648438,269.070007324219,269.140014648438,1078300,265.910003662109
2023-06-01,267.700012207031,274.380004882812,267.279998779297,273.170013427734,826700,269.891632080078
2023-06-02,275.920013427734,281.839996337891,275.690002441406,281.040008544922,912100,277.667144775391
2023-06-05,283.350006103516,283.5,279.730010986328,279.779998779297,1093500,276.422302246094
2023-06-06,278.589996337891,281.549987792969,276.589996337891,278.5,740700,275.157653808594
2023-06-07,276.799987792969,282.799987792969,274.470001220703,282.420013427734,755200,279.030609130859
2023-06-08,276.350006103516,283.910003662109,276.350006103516,283.380004882812,642100,279.979064941406
2023-06-09,282.540008544922,282.540008544922,277.850006103516,278.589996337891,881900,275.246551513672
2023-06-12,279.5,279.640014648438,276.809997558594,278.929992675781,663600,275.582458496094
2023-06-13,278.299987792969,285.589996337891,277.690002441406,284.850006103516,1005000,281.431427001953
2023-06-14,288.260009765625,291.459991455078,287.279998779297,288.839996337891,911400,285.37353515625
2023-06-15,288.980010986328,292.25,287.059997558594,290.760009765625,649700,287.2705078125
2023-06-16,291.309997558594,294.600006103516,290.829986572266,293.170013427734,1811000,289.651611328125
2023-06-20,289.950012207031,290.420013427734,287.299987792969,289.299987792969,674200,285.828002929688
2023-06-21,287.690002441406,290.179992675781,285.459991455078,289.140014648438,674900,285.669982910156
2023-06-22,287.140014648438,289,284.480010986328,288.010009765625,636500,284.553497314453
2023-06-23,286.630004882812,288.119995117188,284.670013427734,286.260009765625,712500,282.824523925781
2023-06-26,287.119995117188,288.160003662109,285.049987792969,286.390014648438,721500,282.952972412109
2023-06-27,286.579986572266,291.559997558594,286.579986572266,291.410003662109,546000,287.912719726562
2023-06-28,290.369995117188,291.850006103516,288.390014648438,291.320007324219,606600,287.823760986328
2023-06-29,289.940002441406,295.290008544922,288.600006103516,294.75,567800,291.212615966797
2023-06-30,295.880004882812,300.510009765625,295.170013427734,299.529998779297,1030100,297.702789306641
2023-07-03,298.149993896484,299.200012207031,295.739990234375,297.070007324219,456600,295.257781982422
2023-07-05,294.630004882812,295.679992675781,285.880004882812,287.970001220703,1387600,286.213287353516
2023-07-06,285.929992675781,288.269989013672,281.769989013672,287.839996337891,883400,286.084075927734
2023-07-07,286.399993896484,290.480010986328,285.540008544922,286.839996337891,890600,285.090179443359
2023-07-10,286.839996337891,291.779998779297,286.609985351562,290.019989013672,562700,288.250793457031
2023-07-11,291.279998779297,292.559997558594,287.149993896484,288.649993896484,625300,286.889129638672
2023-07-12,291.700012207031,294.579986572266,287.519989013672,294.25,1024900,292.454986572266
2023-07-13,294.630004882812,299.899993896484,294,298.950012207031,843800,297.126342773438
2023-07-14,298.899993896484,299.529998779297,297.299987792969,298.630004882812,711500,296.808258056641
2023-07-17,298.220001220703,299.839996337891,296.369995117188,299.279998779297,809300,297.454315185547
2023-07-18,298.709991455078,300.589996337891,295.929992675781,298.260009765625,544200,296.440521240234
2023-07-19,297.739990234375,300.119995117188,296.440002441406,298.589996337891,675600,296.768493652344
2023-07-20,300.309997558594,301.859985351562,298.049987792969,301.339996337891,752700,299.501739501953
2023-07-21,300.730010986328,303.209991455078,300.130004882812,302.739990234375,667900,300.893188476562
2023-07-24,303.269989013672,304.100006103516,299.920013427734,302.100006103516,653600,300.257110595703
2023-07-25,303.5,306.589996337891,302.239990234375,305.850006103516,739800,303.984222412109
2023-07-26,303.549987792969,305.339996337891,301.470001220703,303.010009765625,1109100,301.161560058594
2023-07-27,303,304.880004882812,302,302.890014648438,994100,301.042297363281
2023-07-28,304.959991455078,304.959991455078,302.589996337891,303.429992675781,560300,301.578979492188
2023-07-31,303,305.730010986328,302.609985351562,305.329986572266,1146600,303.467376708984
2023-08-01,303.690002441406,305.829986572266,302.200012207031,302.410003662109,886900,300.565216064453
2023-08-02,300.109985351562,302.890014648438,298.649993896484,299.320007324219,992400,297.494079589844
2023-08-03,290,293.160003662109,281.299987792969,281.820007324219,2357700,280.100830078125
2023-08-04,285.769989013672,291.130004882812,283.799987792969,284.429992675781,1263000,282.694885253906
2023-08-07,284.290008544922,288.209991455078,284.119995117188,287.299987792969,863900,285.54736328125
2023-08-08,284.730010986328,284.730010986328,280.769989013672,283.540008544922,645700,281.810333251953
2023-08-09,284.160003662109,287.540008544922,282.619995117188,285.399993896484,617700,283.658966064453
2023-08-10,286.670013427734,288.459991455078,284.130004882812,286.309997558594,856000,284.563415527344
2023-08-11,285.519989013672,288.970001220703,285.470001220703,288.790008544922,646600,287.028289794922
2023-08-14,287.820007324219,291.75,287.170013427734,290.730010986328,694000,288.956481933594
2023-08-15,288.649993896484,289.049987792969,284.160003662109,285.140014648438,624400,283.400573730469
2023-08-16,285.140014648438,287.220001220703,284.339996337891,285.920013427734,640900,284.175811767578
2023-08-17,286.929992675781,288.260009765625,283.450012207031,284.5,735500,282.764465332031
2023-08-18,282.410003662109,286.380004882812,281.470001220703,284.820007324219,716600,283.08251953125
2023-08-21,285.230010986328,287.510009765625,284.059997558594,285.209991455078,477700,283.470123291016
2023-08-22,286.630004882812,286.630004882812,283.940002441406,285.070007324219,353600,283.330993652344
2023-08-23,284.350006103516,286.470001220703,282.790008544922,285.75,446300,284.0068359375
2023-08-24,284.429992675781,288.130004882812,283.709991455078,286.630004882812,391600,284.881469726562
2023-08-25,288.480010986328,289.380004882812,286.040008544922,288.299987792969,381200,286.541259765625
2023-08-28,288.970001220703,291.359985351562,288.660003662109,289.859985351562,694900,288.091766357422
2023-08-29,289.929992675781,293.760009765625,289.359985351562,293.660003662109,389500,291.868591308594
2023-08-30,294.029998779297,296.450012207031,293.489990234375,295.519989013672,404800,293.717224121094
2023-08-31,296.480010986328,297,294.670013427734,295.489990234375,662400,293.687408447266
2023-09-01,298.559997558594,300.600006103516,297.820007324219,298.019989013672,520000,296.201965332031
2023-09-05,298.339996337891,298.339996337891,292.649993896484,292.700012207031,716400,290.914459228516
2023-09-06,292.619995117188,294.149993896484,291.140014648438,293.350006103516,422900,291.560485839844
2023-09-07,292.899993896484,294.799987792969,290.649993896484,292.109985351562,566300,290.328033447266
2023-09-08,292.5,299.859985351562,291.549987792969,298.510009765625,786600,296.688995361328
2023-09-11,299.820007324219,303.75,299.549987792969,302.799987792969,669600,300.952819824219
2023-09-12,301.570007324219,304.190002441406,300.149993896484,302.140014648438,646000,300.296875
2023-09-13,302.239990234375,304.890014648438,300.850006103516,303.130004882812,627300,301.280822753906
2023-09-14,305,306.799987792969,303.510009765625,306.100006103516,550900,304.232696533203
2023-09-15,306.399993896484,307.709991455078,301.149993896484,302.109985351562,1354100,300.267028808594
2023-09-18,301.630004882812,301.899993896484,299.299987792969,299.529998779297,665500,297.702789306641
2023-09-19,299.299987792969,300.149993896484,295.5,299.230010986328,579100,297.404632568359
2023-09-20,299.730010986328,301.029998779297,294.200012207031,294.820007324219,593600,293.021514892578
2023-09-21,293.160003662109,295.109985351562,286.890014648438,287.070007324219,768300,285.318786621094
2023-09-22,286.980010986328,289.679992675781,285.850006103516,286.640014648438,612600,284.891418457031
2023-09-25,285.359985351562,290.480010986328,285.029998779297,289.609985351562,586400,287.843292236328
2023-09-26,287.299987792969,289.579986572266,285.790008544922,286.700012207031,741600,284.951049804688
2023-09-27,286.880004882812,288.109985351562,283.929992675781,285.260009765625,670000,283.519836425781
2023-09-28,285.890014648438,290.119995117188,284.910003662109,286.869995117188,1100200,285.119995117188
2023-09-29,287.75,288.850006103516,282.619995117188,283.399993896484,695100,283.399993896484
2023-10-02,281.329986572266,282.709991455078,275.609985351562,279.079986572266,1015400,279.079986572266
2023-10-03,277.320007324219,283.640014648438,277.320007324219,281.790008544922,1265900,281.790008544922
2023-10-04,284.869995117188,286.329986572266,282,284.880004882812,1086700,284.880004882812
2023-10-05,284.480010986328,286.25,276.929992675781,279.859985351562,827600,279.859985351562
2023-10-06,279.390014648438,282.220001220703,276.359985351562,281.059997558594,875800,281.059997558594
2023-10-09,281.079986572266,284.510009765625,279.670013427734,284.269989013672,584400,284.269989013672
2023-10-10,286.670013427734,290.429992675781,285.899993896484,287.910003662109,906200,287.910003662109
2023-10-11,288.850006103516,291.130004882812,288.140014648438,290.890014648438,845800,290.890014648438
2023-10-12,292.410003662109,292.519989013672,282.589996337891,285.790008544922,1256300,285.790008544922
2023-10-13,288.200012207031,290.709991455078,284.709991455078,285.459991455078,577400,285.459991455078
2023-10-16,287.630004882812,290.320007324219,286.630004882812,287.119995117188,551500,287.119995117188
2023-10-17,287.299987792969,292.559997558594,286.549987792969,290.899993896484,780600,290.899993896484
2023-10-18,289.809997558594,289.809997558594,282.970001220703,283.380004882812,520600,283.380004882812
2023-10-19,282.170013427734,284.589996337891,280.019989013672,280.609985351562,471900,280.609985351562
2023-10-20,279.459991455078,281.25,277.820007324219,278.570007324219,669200,278.570007324219
2023-10-23,276.799987792969,278.799987792969,274.269989013672,274.670013427734,722600,274.670013427734
2023-10-24,275.899993896484,278.359985351562,274.630004882812,277.239990234375,673200,277.239990234375
2023-10-25,276.959991455078,277.929992675781,274.359985351562,274.480010986328,687300,274.480010986328
2023-10-26,276.100006103516,279.75,275.600006103516,277.660003662109,745100,277.660003662109
2023-10-27,276.950012207031,279.690002441406,275.200012207031,276.149993896484,648200,276.149993896484
2023-10-30,278,280.950012207031,277.019989013672,280.700012207031,668000,280.700012207031
2023-10-31,280.869995117188,283.829986572266,278.589996337891,282.440002441406,871700,282.440002441406
2023-11-01,283.040008544922,284.329986572266,279.549987792969,283.410003662109,1121000,283.410003662109
